,ATTENDANTS,ATTENDANTS.YORK,Beadle,Bevis,Bolingbroke,Buckingham,CITIZENS,CITIZENS.LONDON,CITIZENS.STALBANS,CITIZENS.STALBANS.0.1,Cade,CardinalBeaufort,Clerk,Clifford,Dick,DuchessOfGloucester,EdwardIV,FALCONERS,FOLLOWERS.CADE,FOLLOWERS.CADE.0,FOLLOWERS.CADE.0.1,GENTLEMEN.1,GENTLEMEN.2,George,Gloucester,HERALDS.X.1,HERALDS.X.2,HenryVI,Holland,Horner,Hume,Iden,Jourdain,Lieutenant,MESSENGERS.1,MESSENGERS.2,MESSENGERS.Post,MESSENGERS.X.1,MESSENGERS.X.2,MESSENGERS.X.3,MURDERERS,Master,Mate,MayorOfStAlbans,Michael,NEIGHBORS.1,NEIGHBORS.2,NEIGHBORS.3,OFFICERS,PETITIONERS,PRENTICES.1,PRENTICES.2,PRENTICES.3,QueenMargaret,RichardIII,SERVANTS.GLOUCESTER,SERVANTS.IDEN,SERVANTS.SUFFOLK,SERVANTS.YORK.1,SOLDIERS,SOLDIERS.1,SOLDIERS.YORK,Salisbury,Sawyer,Saye,Scales,Sheriff,Simpcox,SimpcoxWife,Smith,Somerset,Southwell,Spirit,Stafford,Stanley,Suffolk,Thump,Vaux,Warwick,Whitmore,WilliamStafford,York
ATTENDANTS,0.0,164.0,13.0,66.0,18.0,394.0,14.0,0.0,98.0,1030.0,61.0,738.0,0.0,168.0,66.0,18.0,97.0,219.0,66.0,0.0,249.0,0.0,0.0,66.0,394.0,0.0,0.0,1029.0,66.0,48.0,18.0,156.0,18.0,0.0,0.0,0.0,0.0,0.0,0.0,0.0,0.0,0.0,0.0,98.0,66.0,48.0,48.0,48.0,18.0,0.0,48.0,48.0,48.0,1002.0,97.0,0.0,0.0,0.0,0.0,0.0,0.0,0.0,462.0,0.0,0.0,0.0,0.0,92.0,98.0,66.0,593.0,18.0,0.0,0.0,0.0,833.0,48.0,0.0,459.0,0.0,0.0,495.0
ATTENDANTS.YORK,164.0,0.0,0.0,0.0,0.0,107.0,0.0,0.0,0.0,220.0,0.0,0.0,0.0,95.0,0.0,0.0,97.0,0.0,0.0,0.0,220.0,0.0,0.0,0.0,0.0,0.0,0.0,164.0,0.0,0.0,0.0,156.0,0.0,0.0,0.0,0.0,0.0,0.0,0.0,0.0,0.0,0.0,0.0,0.0,0.0,0.0,0.0,0.0,0.0,0.0,0.0,0.0,0.0,137.0,97.0,0.0,0.0,0.0,0.0,0.0,0.0,48.0,69.0,0.0,0.0,0.0,0.0,0.0,0.0,0.0,137.0,0.0,0.0,0.0,0.0,0.0,0.0,0.0,69.0,0.0,0.0,220.0
Beadle,13.0,0.0,0.0,0.0,0.0,0.0,0.0,0.0,13.0,13.0,0.0,13.0,0.0,0.0,0.0,0.0,0.0,13.0,0.0,0.0,0.0,0.0,0.0,0.0,13.0,0.0,0.0,13.0,0.0,0.0,0.0,0.0,0.0,0.0,0.0,0.0,0.0,0.0,0.0,0.0,0.0,0.0,0.0,13.0,0.0,0.0,0.0,0.0,0.0,0.0,0.0,0.0,0.0,13.0,0.0,0.0,0.0,0.0,0.0,0.0,0.0,0.0,0.0,0.0,0.0,0.0,0.0,7.0,13.0,0.0,0.0,0.0,0.0,0.0,0.0,13.0,0.0,0.0,0.0,0.0,0.0,0.0
Bevis,66.0,0.0,0.0,0.0,0.0,66.0,0.0,0.0,0.0,428.0,392.0,0.0,25.0,66.0,397.0,0.0,0.0,0.0,397.0,256.0,79.0,0.0,0.0,186.0,0.0,0.0,60.0,0.0,428.0,0.0,0.0,0.0,0.0,0.0,0.0,0.0,0.0,0.0,119.0,0.0,0.0,0.0,0.0,0.0,321.0,0.0,0.0,0.0,0.0,0.0,0.0,0.0,0.0,0.0,0.0,0.0,0.0,0.0,0.0,60.0,9.0,0.0,0.0,156.0,96.0,0.0,0.0,0.0,0.0,397.0,0.0,0.0,0.0,78.0,0.0,0.0,0.0,0.0,0.0,0.0,78.0,0.0
Bolingbroke,18.0,0.0,0.0,0.0,0.0,16.0,0.0,0.0,0.0,18.0,0.0,0.0,0.0,0.0,0.0,62.0,0.0,0.0,0.0,0.0,0.0,0.0,0.0,0.0,18.0,0.0,0.0,18.0,0.0,0.0,73.0,0.0,76.0,0.0,0.0,0.0,0.0,0.0,0.0,0.0,0.0,0.0,0.0,0.0,0.0,0.0,0.0,0.0,34.0,0.0,0.0,0.0,0.0,18.0,0.0,0.0,0.0,0.0,0.0,0.0,0.0,0.0,18.0,0.0,0.0,0.0,0.0,0.0,0.0,0.0,0.0,76.0,18.0,14.0,0.0,18.0,0.0,0.0,0.0,0.0,0.0,34.0
Buckingham,394.0,107.0,0.0,66.0,16.0,0.0,0.0,0.0,0.0,545.0,61.0,497.0,0.0,111.0,66.0,64.0,0.0,43.0,80.0,61.0,218.0,0.0,0.0,66.0,335.0,0.0,0.0,565.0,66.0,0.0,16.0,54.0,16.0,0.0,36.0,12.0,0.0,0.0,0.0,28.0,0.0,0.0,0.0,0.0,66.0,0.0,0.0,0.0,16.0,0.0,0.0,0.0,0.0,538.0,0.0,0.0,0.0,0.0,0.0,0.0,0.0,37.0,462.0,0.0,61.0,0.0,0.0,0.0,0.0,66.0,460.0,16.0,0.0,14.0,0.0,397.0,0.0,0.0,462.0,0.0,0.0,610.0
CITIZENS,14.0,0.0,0.0,0.0,0.0,0.0,0.0,0.0,0.0,14.0,0.0,14.0,0.0,0.0,0.0,0.0,0.0,0.0,0.0,0.0,0.0,0.0,0.0,0.0,0.0,0.0,0.0,14.0,0.0,0.0,0.0,0.0,0.0,0.0,0.0,0.0,0.0,0.0,0.0,0.0,0.0,0.0,0.0,0.0,0.0,0.0,0.0,0.0,0.0,0.0,0.0,0.0,0.0,14.0,0.0,0.0,0.0,0.0,0.0,0.0,0.0,0.0,14.0,0.0,0.0,0.0,0.0,0.0,0.0,0.0,14.0,0.0,0.0,0.0,0.0,14.0,0.0,0.0,14.0,0.0,0.0,0.0
CITIZENS.LONDON,0.0,0.0,0.0,0.0,0.0,0.0,0.0,0.0,0.0,13.0,0.0,0.0,0.0,0.0,0.0,0.0,0.0,0.0,0.0,13.0,0.0,0.0,0.0,0.0,0.0,0.0,0.0,0.0,0.0,0.0,0.0,0.0,0.0,0.0,0.0,0.0,0.0,0.0,0.0,0.0,0.0,0.0,0.0,0.0,0.0,0.0,0.0,0.0,0.0,0.0,0.0,0.0,0.0,0.0,0.0,0.0,0.0,0.0,0.0,0.0,0.0,0.0,0.0,0.0,0.0,13.0,0.0,0.0,0.0,0.0,0.0,0.0,0.0,0.0,0.0,0.0,0.0,0.0,0.0,0.0,0.0,0.0
CITIZENS.STALBANS,98.0,0.0,13.0,0.0,0.0,0.0,0.0,0.0,0.0,98.0,0.0,98.0,0.0,0.0,0.0,0.0,0.0,98.0,0.0,0.0,0.0,0.0,0.0,0.0,98.0,0.0,0.0,98.0,0.0,0.0,0.0,0.0,0.0,0.0,0.0,0.0,0.0,0.0,0.0,0.0,0.0,0.0,0.0,98.0,0.0,0.0,0.0,0.0,0.0,0.0,0.0,0.0,0.0,98.0,0.0,0.0,0.0,0.0,0.0,0.0,0.0,0.0,0.0,0.0,0.0,0.0,0.0,92.0,98.0,0.0,0.0,0.0,0.0,0.0,0.0,98.0,0.0,0.0,0.0,0.0,0.0,0.0
CITIZENS.STALBANS.0.1,1030.0,220.0,13.0,428.0,18.0,545.0,14.0,13.0,98.0,0.0,478.0,816.0,25.0,267.0,397.0,112.0,131.0,154.0,411.0,330.0,561.0,156.0,150.0,186.0,416.0,4.0,60.0,1109.0,428.0,48.0,18.0,226.0,18.0,150.0,36.0,12.0,6.0,0.0,119.0,28.0,14.0,146.0,146.0,98.0,321.0,48.0,48.0,48.0,105.0,0.0,48.0,48.0,48.0,1278.0,137.0,87.0,70.0,0.0,0.0,60.0,9.0,82.0,601.0,156.0,157.0,13.0,87.0,92.0,98.0,397.0,760.0,18.0,0.0,78.0,94.0,1153.0,48.0,13.0,631.0,148.0,78.0,860.0
Cade,61.0,0.0,0.0,392.0,0.0,61.0,0.0,0.0,0.0,478.0,0.0,0.0,25.0,61.0,392.0,0.0,0.0,0.0,392.0,256.0,160.0,0.0,0.0,181.0,0.0,0.0,60.0,0.0,392.0,0.0,0.0,70.0,0.0,0.0,0.0,0.0,0.0,0.0,119.0,0.0,0.0,0.0,0.0,0.0,316.0,0.0,0.0,0.0,0.0,0.0,0.0,0.0,0.0,0.0,0.0,0.0,70.0,0.0,0.0,60.0,9.0,0.0,0.0,156.0,96.0,0.0,0.0,0.0,0.0,392.0,0.0,0.0,0.0,78.0,0.0,0.0,0.0,0.0,0.0,0.0,78.0,0.0
CardinalBeaufort,738.0,0.0,13.0,0.0,0.0,497.0,14.0,0.0,98.0,816.0,0.0,0.0,0.0,0.0,0.0,48.0,0.0,219.0,0.0,0.0,0.0,0.0,0.0,0.0,615.0,0.0,0.0,973.0,0.0,46.0,0.0,0.0,0.0,0.0,0.0,0.0,6.0,0.0,0.0,0.0,0.0,0.0,0.0,98.0,0.0,0.0,0.0,0.0,46.0,0.0,0.0,0.0,0.0,1050.0,0.0,0.0,0.0,0.0,0.0,0.0,0.0,0.0,620.0,0.0,0.0,0.0,0.0,92.0,98.0,0.0,849.0,0.0,0.0,0.0,0.0,1037.0,46.0,0.0,725.0,0.0,0.0,635.0
Clerk,0.0,0.0,0.0,25.0,0.0,0.0,0.0,0.0,0.0,25.0,25.0,0.0,0.0,0.0,25.0,0.0,0.0,0.0,25.0,25.0,0.0,0.0,0.0,0.0,0.0,0.0,0.0,0.0,25.0,0.0,0.0,0.0,0.0,0.0,0.0,0.0,0.0,0.0,0.0,0.0,0.0,0.0,0.0,0.0,0.0,0.0,0.0,0.0,0.0,0.0,0.0,0.0,0.0,0.0,0.0,0.0,0.0,0.0,0.0,0.0,0.0,0.0,0.0,25.0,0.0,0.0,0.0,0.0,0.0,25.0,0.0,0.0,0.0,0.0,0.0,0.0,0.0,0.0,0.0,0.0,0.0,0.0
Clifford,168.0,95.0,0.0,66.0,0.0,111.0,0.0,0.0,0.0,267.0,61.0,0.0,0.0,0.0,66.0,0.0,95.0,0.0,80.0,0.0,267.0,0.0,0.0,66.0,0.0,0.0,0.0,147.0,66.0,0.0,0.0,95.0,0.0,0.0,0.0,0.0,0.0,0.0,0.0,28.0,0.0,0.0,0.0,0.0,66.0,0.0,0.0,0.0,0.0,0.0,0.0,0.0,0.0,147.0,95.0,0.0,0.0,0.0,0.0,0.0,0.0,0.0,69.0,0.0,0.0,0.0,0.0,0.0,0.0,66.0,147.0,0.0,0.0,0.0,0.0,0.0,0.0,0.0,75.0,0.0,0.0,113.0
Dick,66.0,0.0,0.0,397.0,0.0,66.0,0.0,0.0,0.0,397.0,392.0,0.0,25.0,66.0,0.0,0.0,0.0,0.0,397.0,256.0,79.0,0.0,0.0,186.0,0.0,0.0,60.0,0.0,397.0,0.0,0.0,0.0,0.0,0.0,0.0,0.0,0.0,0.0,119.0,0.0,0.0,0.0,0.0,0.0,321.0,0.0,0.0,0.0,0.0,0.0,0.0,0.0,0.0,0.0,0.0,0.0,0.0,0.0,0.0,60.0,9.0,0.0,0.0,156.0,96.0,0.0,0.0,0.0,0.0,397.0,0.0,0.0,0.0,78.0,0.0,0.0,0.0,0.0,0.0,0.0,78.0,0.0
DuchessOfGloucester,18.0,0.0,0.0,0.0,62.0,64.0,0.0,0.0,0.0,112.0,0.0,48.0,0.0,0.0,0.0,0.0,0.0,0.0,0.0,0.0,0.0,0.0,0.0,0.0,187.0,4.0,0.0,66.0,0.0,0.0,80.0,0.0,62.0,0.0,0.0,0.0,0.0,5.0,0.0,0.0,0.0,0.0,0.0,0.0,0.0,0.0,0.0,0.0,121.0,0.0,0.0,0.0,0.0,66.0,0.0,70.0,0.0,0.0,0.0,0.0,0.0,0.0,66.0,0.0,0.0,0.0,87.0,0.0,0.0,0.0,48.0,62.0,18.0,14.0,94.0,66.0,0.0,0.0,48.0,0.0,0.0,82.0
EdwardIV,97.0,97.0,0.0,0.0,0.0,0.0,0.0,0.0,0.0,131.0,0.0,0.0,0.0,95.0,0.0,0.0,0.0,0.0,0.0,0.0,131.0,0.0,0.0,0.0,0.0,0.0,0.0,97.0,0.0,0.0,0.0,97.0,0.0,0.0,0.0,0.0,0.0,0.0,0.0,0.0,0.0,0.0,0.0,0.0,0.0,0.0,0.0,0.0,0.0,0.0,0.0,0.0,0.0,97.0,131.0,0.0,0.0,0.0,0.0,0.0,0.0,34.0,88.0,0.0,0.0,0.0,0.0,0.0,0.0,0.0,97.0,0.0,0.0,0.0,0.0,0.0,0.0,0.0,103.0,0.0,0.0,131.0
FALCONERS,219.0,0.0,13.0,0.0,0.0,43.0,0.0,0.0,98.0,154.0,0.0,219.0,0.0,0.0,0.0,0.0,0.0,0.0,0.0,0.0,0.0,0.0,0.0,0.0,219.0,0.0,0.0,219.0,0.0,0.0,0.0,0.0,0.0,0.0,0.0,0.0,0.0,0.0,0.0,0.0,0.0,0.0,0.0,98.0,0.0,0.0,0.0,0.0,0.0,0.0,0.0,0.0,0.0,219.0,0.0,0.0,0.0,0.0,0.0,0.0,0.0,0.0,0.0,0.0,0.0,0.0,0.0,92.0,98.0,0.0,0.0,0.0,0.0,0.0,0.0,219.0,0.0,0.0,0.0,0.0,0.0,0.0
FOLLOWERS.CADE,66.0,0.0,0.0,397.0,0.0,80.0,0.0,0.0,0.0,411.0,392.0,0.0,25.0,80.0,397.0,0.0,0.0,0.0,0.0,256.0,93.0,0.0,0.0,186.0,0.0,0.0,60.0,14.0,397.0,0.0,0.0,0.0,0.0,0.0,0.0,0.0,0.0,0.0,119.0,0.0,0.0,0.0,0.0,0.0,321.0,0.0,0.0,0.0,0.0,0.0,0.0,0.0,0.0,14.0,0.0,0.0,0.0,0.0,0.0,60.0,9.0,0.0,0.0,156.0,96.0,0.0,0.0,0.0,0.0,397.0,14.0,0.0,0.0,78.0,0.0,0.0,0.0,0.0,0.0,0.0,78.0,0.0
FOLLOWERS.CADE.0,0.0,0.0,0.0,256.0,0.0,61.0,0.0,13.0,0.0,330.0,256.0,0.0,25.0,0.0,256.0,0.0,0.0,0.0,256.0,0.0,0.0,0.0,0.0,96.0,0.0,0.0,60.0,61.0,256.0,0.0,0.0,0.0,0.0,0.0,36.0,12.0,0.0,0.0,100.0,0.0,0.0,0.0,0.0,0.0,231.0,0.0,0.0,0.0,0.0,0.0,0.0,0.0,0.0,61.0,0.0,0.0,0.0,0.0,0.0,60.0,9.0,0.0,0.0,105.0,157.0,13.0,0.0,0.0,0.0,256.0,0.0,0.0,0.0,78.0,0.0,0.0,0.0,0.0,0.0,0.0,78.0,0.0
FOLLOWERS.CADE.0.1,249.0,220.0,0.0,79.0,0.0,218.0,0.0,0.0,0.0,561.0,160.0,0.0,0.0,267.0,79.0,0.0,131.0,0.0,93.0,0.0,0.0,0.0,0.0,79.0,0.0,0.0,0.0,234.0,79.0,0.0,0.0,226.0,0.0,0.0,0.0,0.0,0.0,0.0,8.0,28.0,0.0,0.0,0.0,0.0,79.0,0.0,0.0,0.0,0.0,0.0,0.0,0.0,0.0,207.0,137.0,0.0,70.0,0.0,0.0,0.0,0.0,82.0,88.0,0.0,0.0,0.0,0.0,0.0,0.0,79.0,213.0,0.0,0.0,0.0,0.0,0.0,0.0,0.0,121.0,0.0,0.0,277.0
GENTLEMEN.1,0.0,0.0,0.0,0.0,0.0,0.0,0.0,0.0,0.0,156.0,0.0,0.0,0.0,0.0,0.0,0.0,0.0,0.0,0.0,0.0,0.0,0.0,150.0,0.0,0.0,0.0,0.0,0.0,0.0,0.0,0.0,0.0,0.0,150.0,0.0,0.0,0.0,0.0,0.0,0.0,0.0,146.0,146.0,0.0,0.0,0.0,0.0,0.0,0.0,0.0,0.0,0.0,0.0,0.0,0.0,0.0,0.0,0.0,0.0,0.0,0.0,0.0,0.0,0.0,0.0,0.0,0.0,0.0,0.0,0.0,0.0,0.0,0.0,0.0,0.0,146.0,0.0,0.0,0.0,148.0,0.0,0.0
GENTLEMEN.2,0.0,0.0,0.0,0.0,0.0,0.0,0.0,0.0,0.0,150.0,0.0,0.0,0.0,0.0,0.0,0.0,0.0,0.0,0.0,0.0,0.0,150.0,0.0,0.0,0.0,0.0,0.0,0.0,0.0,0.0,0.0,0.0,0.0,150.0,0.0,0.0,0.0,0.0,0.0,0.0,0.0,146.0,146.0,0.0,0.0,0.0,0.0,0.0,0.0,0.0,0.0,0.0,0.0,0.0,0.0,0.0,0.0,0.0,0.0,0.0,0.0,0.0,0.0,0.0,0.0,0.0,0.0,0.0,0.0,0.0,0.0,0.0,0.0,0.0,0.0,146.0,0.0,0.0,0.0,146.0,0.0,0.0
George,66.0,0.0,0.0,186.0,0.0,66.0,0.0,0.0,0.0,186.0,181.0,0.0,0.0,66.0,186.0,0.0,0.0,0.0,186.0,96.0,79.0,0.0,0.0,0.0,0.0,0.0,0.0,0.0,186.0,0.0,0.0,0.0,0.0,0.0,0.0,0.0,0.0,0.0,115.0,0.0,0.0,0.0,0.0,0.0,186.0,0.0,0.0,0.0,0.0,0.0,0.0,0.0,0.0,0.0,0.0,0.0,0.0,0.0,0.0,0.0,0.0,0.0,0.0,0.0,96.0,0.0,0.0,0.0,0.0,186.0,0.0,0.0,0.0,0.0,0.0,0.0,0.0,0.0,0.0,0.0,0.0,0.0
Gloucester,394.0,0.0,13.0,0.0,18.0,335.0,0.0,0.0,98.0,416.0,0.0,615.0,0.0,0.0,0.0,187.0,0.0,219.0,0.0,0.0,0.0,0.0,0.0,0.0,0.0,4.0,0.0,581.0,0.0,46.0,18.0,0.0,18.0,0.0,0.0,0.0,0.0,5.0,0.0,0.0,0.0,0.0,0.0,98.0,0.0,0.0,0.0,0.0,134.0,0.0,0.0,0.0,0.0,581.0,0.0,87.0,0.0,0.0,0.0,0.0,0.0,0.0,403.0,0.0,0.0,0.0,70.0,92.0,98.0,0.0,396.0,18.0,0.0,0.0,70.0,581.0,46.0,0.0,396.0,0.0,0.0,403.0
HERALDS.X.1,0.0,0.0,0.0,0.0,0.0,0.0,0.0,0.0,0.0,4.0,0.0,0.0,0.0,0.0,0.0,4.0,0.0,0.0,0.0,0.0,0.0,0.0,0.0,0.0,4.0,0.0,0.0,0.0,0.0,0.0,0.0,0.0,0.0,0.0,0.0,0.0,0.0,0.0,0.0,0.0,0.0,0.0,0.0,0.0,0.0,0.0,0.0,0.0,4.0,0.0,0.0,0.0,0.0,0.0,0.0,4.0,0.0,0.0,0.0,0.0,0.0,0.0,0.0,0.0,0.0,0.0,4.0,0.0,0.0,0.0,0.0,0.0,0.0,0.0,4.0,0.0,0.0,0.0,0.0,0.0,0.0,0.0
HERALDS.X.2,0.0,0.0,0.0,60.0,0.0,0.0,0.0,0.0,0.0,60.0,60.0,0.0,0.0,0.0,60.0,0.0,0.0,0.0,60.0,60.0,0.0,0.0,0.0,0.0,0.0,0.0,0.0,0.0,60.0,0.0,0.0,0.0,0.0,0.0,0.0,0.0,0.0,0.0,0.0,0.0,0.0,0.0,0.0,0.0,60.0,0.0,0.0,0.0,0.0,0.0,0.0,0.0,0.0,0.0,0.0,0.0,0.0,0.0,0.0,60.0,0.0,0.0,0.0,60.0,0.0,0.0,0.0,0.0,0.0,60.0,0.0,0.0,0.0,60.0,0.0,0.0,0.0,0.0,0.0,0.0,60.0,0.0
HenryVI,1029.0,164.0,13.0,0.0,18.0,565.0,14.0,0.0,98.0,1109.0,0.0,973.0,0.0,147.0,0.0,66.0,97.0,219.0,14.0,61.0,234.0,0.0,0.0,0.0,581.0,0.0,0.0,0.0,0.0,94.0,18.0,156.0,18.0,0.0,36.0,12.0,0.0,0.0,0.0,28.0,0.0,0.0,0.0,98.0,0.0,48.0,48.0,48.0,64.0,0.0,48.0,48.0,48.0,1316.0,97.0,0.0,0.0,0.0,0.0,0.0,0.0,0.0,697.0,0.0,61.0,0.0,0.0,92.0,98.0,0.0,846.0,18.0,0.0,0.0,0.0,1035.0,94.0,0.0,694.0,0.0,0.0,697.0
Holland,66.0,0.0,0.0,428.0,0.0,66.0,0.0,0.0,0.0,428.0,392.0,0.0,25.0,66.0,397.0,0.0,0.0,0.0,397.0,256.0,79.0,0.0,0.0,186.0,0.0,0.0,60.0,0.0,0.0,0.0,0.0,0.0,0.0,0.0,0.0,0.0,0.0,0.0,119.0,0.0,0.0,0.0,0.0,0.0,321.0,0.0,0.0,0.0,0.0,0.0,0.0,0.0,0.0,0.0,0.0,0.0,0.0,0.0,0.0,60.0,9.0,0.0,0.0,156.0,96.0,0.0,0.0,0.0,0.0,397.0,0.0,0.0,0.0,78.0,0.0,0.0,0.0,0.0,0.0,0.0,78.0,0.0
Horner,48.0,0.0,0.0,0.0,0.0,0.0,0.0,0.0,0.0,48.0,0.0,46.0,0.0,0.0,0.0,0.0,0.0,0.0,0.0,0.0,0.0,0.0,0.0,0.0,46.0,0.0,0.0,94.0,0.0,0.0,0.0,0.0,0.0,0.0,0.0,0.0,0.0,0.0,0.0,0.0,0.0,0.0,0.0,0.0,0.0,48.0,48.0,48.0,46.0,0.0,48.0,48.0,48.0,94.0,0.0,0.0,0.0,0.0,0.0,0.0,0.0,0.0,94.0,0.0,0.0,0.0,0.0,0.0,0.0,0.0,46.0,0.0,0.0,0.0,0.0,94.0,94.0,0.0,46.0,0.0,0.0,94.0
Hume,18.0,0.0,0.0,0.0,73.0,16.0,0.0,0.0,0.0,18.0,0.0,0.0,0.0,0.0,0.0,80.0,0.0,0.0,0.0,0.0,0.0,0.0,0.0,0.0,18.0,0.0,0.0,18.0,0.0,0.0,0.0,0.0,73.0,0.0,0.0,0.0,0.0,0.0,0.0,0.0,0.0,0.0,0.0,0.0,0.0,0.0,0.0,0.0,34.0,0.0,0.0,0.0,0.0,18.0,0.0,0.0,0.0,0.0,0.0,0.0,0.0,0.0,18.0,0.0,0.0,0.0,0.0,0.0,0.0,0.0,0.0,73.0,18.0,14.0,0.0,18.0,0.0,0.0,0.0,0.0,0.0,34.0
Iden,156.0,156.0,0.0,0.0,0.0,54.0,0.0,0.0,0.0,226.0,70.0,0.0,0.0,95.0,0.0,0.0,97.0,0.0,0.0,0.0,226.0,0.0,0.0,0.0,0.0,0.0,0.0,156.0,0.0,0.0,0.0,0.0,0.0,0.0,0.0,0.0,0.0,0.0,0.0,0.0,0.0,0.0,0.0,0.0,0.0,0.0,0.0,0.0,0.0,0.0,0.0,0.0,0.0,137.0,97.0,0.0,70.0,0.0,0.0,0.0,0.0,0.0,69.0,0.0,0.0,0.0,0.0,0.0,0.0,0.0,137.0,0.0,0.0,0.0,0.0,0.0,0.0,0.0,69.0,0.0,0.0,156.0
Jourdain,18.0,0.0,0.0,0.0,76.0,16.0,0.0,0.0,0.0,18.0,0.0,0.0,0.0,0.0,0.0,62.0,0.0,0.0,0.0,0.0,0.0,0.0,0.0,0.0,18.0,0.0,0.0,18.0,0.0,0.0,73.0,0.0,0.0,0.0,0.0,0.0,0.0,0.0,0.0,0.0,0.0,0.0,0.0,0.0,0.0,0.0,0.0,0.0,34.0,0.0,0.0,0.0,0.0,18.0,0.0,0.0,0.0,0.0,0.0,0.0,0.0,0.0,18.0,0.0,0.0,0.0,0.0,0.0,0.0,0.0,0.0,76.0,18.0,14.0,0.0,18.0,0.0,0.0,0.0,0.0,0.0,34.0
Lieutenant,0.0,0.0,0.0,0.0,0.0,0.0,0.0,0.0,0.0,150.0,0.0,0.0,0.0,0.0,0.0,0.0,0.0,0.0,0.0,0.0,0.0,150.0,150.0,0.0,0.0,0.0,0.0,0.0,0.0,0.0,0.0,0.0,0.0,0.0,0.0,0.0,0.0,0.0,0.0,0.0,0.0,146.0,146.0,0.0,0.0,0.0,0.0,0.0,0.0,0.0,0.0,0.0,0.0,0.0,0.0,0.0,0.0,0.0,0.0,0.0,0.0,0.0,0.0,0.0,0.0,0.0,0.0,0.0,0.0,0.0,0.0,0.0,0.0,0.0,0.0,146.0,0.0,0.0,0.0,146.0,0.0,0.0
MESSENGERS.1,0.0,0.0,0.0,0.0,0.0,36.0,0.0,0.0,0.0,36.0,0.0,0.0,0.0,0.0,0.0,0.0,0.0,0.0,0.0,36.0,0.0,0.0,0.0,0.0,0.0,0.0,0.0,36.0,0.0,0.0,0.0,0.0,0.0,0.0,0.0,12.0,0.0,0.0,0.0,0.0,0.0,0.0,0.0,0.0,0.0,0.0,0.0,0.0,0.0,0.0,0.0,0.0,0.0,36.0,0.0,0.0,0.0,0.0,0.0,0.0,0.0,0.0,0.0,0.0,36.0,0.0,0.0,0.0,0.0,0.0,0.0,0.0,0.0,0.0,0.0,0.0,0.0,0.0,0.0,0.0,0.0,0.0
MESSENGERS.2,0.0,0.0,0.0,0.0,0.0,12.0,0.0,0.0,0.0,12.0,0.0,0.0,0.0,0.0,0.0,0.0,0.0,0.0,0.0,12.0,0.0,0.0,0.0,0.0,0.0,0.0,0.0,12.0,0.0,0.0,0.0,0.0,0.0,0.0,12.0,0.0,0.0,0.0,0.0,0.0,0.0,0.0,0.0,0.0,0.0,0.0,0.0,0.0,0.0,0.0,0.0,0.0,0.0,12.0,0.0,0.0,0.0,0.0,0.0,0.0,0.0,0.0,0.0,0.0,12.0,0.0,0.0,0.0,0.0,0.0,0.0,0.0,0.0,0.0,0.0,0.0,0.0,0.0,0.0,0.0,0.0,0.0
MESSENGERS.Post,0.0,0.0,0.0,0.0,0.0,0.0,0.0,0.0,0.0,6.0,0.0,6.0,0.0,0.0,0.0,0.0,0.0,0.0,0.0,0.0,0.0,0.0,0.0,0.0,0.0,0.0,0.0,0.0,0.0,0.0,0.0,0.0,0.0,0.0,0.0,0.0,0.0,0.0,0.0,0.0,0.0,0.0,0.0,0.0,0.0,0.0,0.0,0.0,0.0,0.0,0.0,0.0,0.0,6.0,0.0,0.0,0.0,0.0,0.0,0.0,0.0,0.0,0.0,0.0,0.0,0.0,0.0,0.0,0.0,0.0,6.0,0.0,0.0,0.0,0.0,6.0,0.0,0.0,0.0,0.0,0.0,6.0
MESSENGERS.X.1,0.0,0.0,0.0,0.0,0.0,0.0,0.0,0.0,0.0,0.0,0.0,0.0,0.0,0.0,0.0,5.0,0.0,0.0,0.0,0.0,0.0,0.0,0.0,0.0,5.0,0.0,0.0,0.0,0.0,0.0,0.0,0.0,0.0,0.0,0.0,0.0,0.0,0.0,0.0,0.0,0.0,0.0,0.0,0.0,0.0,0.0,0.0,0.0,0.0,0.0,0.0,0.0,0.0,0.0,0.0,0.0,0.0,0.0,0.0,0.0,0.0,0.0,0.0,0.0,0.0,0.0,0.0,0.0,0.0,0.0,0.0,0.0,0.0,0.0,0.0,0.0,0.0,0.0,0.0,0.0,0.0,0.0
MESSENGERS.X.2,0.0,0.0,0.0,119.0,0.0,0.0,0.0,0.0,0.0,119.0,119.0,0.0,0.0,0.0,119.0,0.0,0.0,0.0,119.0,100.0,8.0,0.0,0.0,115.0,0.0,0.0,0.0,0.0,119.0,0.0,0.0,0.0,0.0,0.0,0.0,0.0,0.0,0.0,0.0,0.0,0.0,0.0,0.0,0.0,119.0,0.0,0.0,0.0,0.0,0.0,0.0,0.0,0.0,0.0,0.0,0.0,0.0,0.0,0.0,0.0,0.0,0.0,0.0,0.0,96.0,0.0,0.0,0.0,0.0,119.0,0.0,0.0,0.0,0.0,0.0,0.0,0.0,0.0,0.0,0.0,0.0,0.0
MESSENGERS.X.3,0.0,0.0,0.0,0.0,0.0,28.0,0.0,0.0,0.0,28.0,0.0,0.0,0.0,28.0,0.0,0.0,0.0,0.0,0.0,0.0,28.0,0.0,0.0,0.0,0.0,0.0,0.0,28.0,0.0,0.0,0.0,0.0,0.0,0.0,0.0,0.0,0.0,0.0,0.0,0.0,0.0,0.0,0.0,0.0,0.0,0.0,0.0,0.0,0.0,0.0,0.0,0.0,0.0,28.0,0.0,0.0,0.0,0.0,0.0,0.0,0.0,0.0,0.0,0.0,0.0,0.0,0.0,0.0,0.0,0.0,28.0,0.0,0.0,0.0,0.0,0.0,0.0,0.0,0.0,0.0,0.0,0.0
MURDERERS,0.0,0.0,0.0,0.0,0.0,0.0,0.0,0.0,0.0,14.0,0.0,0.0,0.0,0.0,0.0,0.0,0.0,0.0,0.0,0.0,0.0,0.0,0.0,0.0,0.0,0.0,0.0,0.0,0.0,0.0,0.0,0.0,0.0,0.0,0.0,0.0,0.0,0.0,0.0,0.0,0.0,0.0,0.0,0.0,0.0,0.0,0.0,0.0,0.0,0.0,0.0,0.0,0.0,0.0,0.0,0.0,0.0,0.0,0.0,0.0,0.0,0.0,0.0,0.0,0.0,0.0,0.0,0.0,0.0,0.0,0.0,0.0,0.0,0.0,0.0,10.0,0.0,0.0,0.0,0.0,0.0,0.0
Master,0.0,0.0,0.0,0.0,0.0,0.0,0.0,0.0,0.0,146.0,0.0,0.0,0.0,0.0,0.0,0.0,0.0,0.0,0.0,0.0,0.0,146.0,146.0,0.0,0.0,0.0,0.0,0.0,0.0,0.0,0.0,0.0,0.0,146.0,0.0,0.0,0.0,0.0,0.0,0.0,0.0,0.0,146.0,0.0,0.0,0.0,0.0,0.0,0.0,0.0,0.0,0.0,0.0,0.0,0.0,0.0,0.0,0.0,0.0,0.0,0.0,0.0,0.0,0.0,0.0,0.0,0.0,0.0,0.0,0.0,0.0,0.0,0.0,0.0,0.0,146.0,0.0,0.0,0.0,146.0,0.0,0.0
Mate,0.0,0.0,0.0,0.0,0.0,0.0,0.0,0.0,0.0,146.0,0.0,0.0,0.0,0.0,0.0,0.0,0.0,0.0,0.0,0.0,0.0,146.0,146.0,0.0,0.0,0.0,0.0,0.0,0.0,0.0,0.0,0.0,0.0,146.0,0.0,0.0,0.0,0.0,0.0,0.0,0.0,146.0,0.0,0.0,0.0,0.0,0.0,0.0,0.0,0.0,0.0,0.0,0.0,0.0,0.0,0.0,0.0,0.0,0.0,0.0,0.0,0.0,0.0,0.0,0.0,0.0,0.0,0.0,0.0,0.0,0.0,0.0,0.0,0.0,0.0,146.0,0.0,0.0,0.0,146.0,0.0,0.0
MayorOfStAlbans,98.0,0.0,13.0,0.0,0.0,0.0,0.0,0.0,98.0,98.0,0.0,98.0,0.0,0.0,0.0,0.0,0.0,98.0,0.0,0.0,0.0,0.0,0.0,0.0,98.0,0.0,0.0,98.0,0.0,0.0,0.0,0.0,0.0,0.0,0.0,0.0,0.0,0.0,0.0,0.0,0.0,0.0,0.0,0.0,0.0,0.0,0.0,0.0,0.0,0.0,0.0,0.0,0.0,98.0,0.0,0.0,0.0,0.0,0.0,0.0,0.0,0.0,0.0,0.0,0.0,0.0,0.0,92.0,98.0,0.0,0.0,0.0,0.0,0.0,0.0,98.0,0.0,0.0,0.0,0.0,0.0,0.0
Michael,66.0,0.0,0.0,321.0,0.0,66.0,0.0,0.0,0.0,321.0,316.0,0.0,0.0,66.0,321.0,0.0,0.0,0.0,321.0,231.0,79.0,0.0,0.0,186.0,0.0,0.0,60.0,0.0,321.0,0.0,0.0,0.0,0.0,0.0,0.0,0.0,0.0,0.0,119.0,0.0,0.0,0.0,0.0,0.0,0.0,0.0,0.0,0.0,0.0,0.0,0.0,0.0,0.0,0.0,0.0,0.0,0.0,0.0,0.0,60.0,9.0,0.0,0.0,80.0,96.0,0.0,0.0,0.0,0.0,321.0,0.0,0.0,0.0,78.0,0.0,0.0,0.0,0.0,0.0,0.0,78.0,0.0
NEIGHBORS.1,48.0,0.0,0.0,0.0,0.0,0.0,0.0,0.0,0.0,48.0,0.0,0.0,0.0,0.0,0.0,0.0,0.0,0.0,0.0,0.0,0.0,0.0,0.0,0.0,0.0,0.0,0.0,48.0,0.0,48.0,0.0,0.0,0.0,0.0,0.0,0.0,0.0,0.0,0.0,0.0,0.0,0.0,0.0,0.0,0.0,0.0,48.0,48.0,0.0,0.0,48.0,48.0,48.0,48.0,0.0,0.0,0.0,0.0,0.0,0.0,0.0,0.0,48.0,0.0,0.0,0.0,0.0,0.0,0.0,0.0,0.0,0.0,0.0,0.0,0.0,48.0,48.0,0.0,0.0,0.0,0.0,48.0
NEIGHBORS.2,48.0,0.0,0.0,0.0,0.0,0.0,0.0,0.0,0.0,48.0,0.0,0.0,0.0,0.0,0.0,0.0,0.0,0.0,0.0,0.0,0.0,0.0,0.0,0.0,0.0,0.0,0.0,48.0,0.0,48.0,0.0,0.0,0.0,0.0,0.0,0.0,0.0,0.0,0.0,0.0,0.0,0.0,0.0,0.0,0.0,48.0,0.0,48.0,0.0,0.0,48.0,48.0,48.0,48.0,0.0,0.0,0.0,0.0,0.0,0.0,0.0,0.0,48.0,0.0,0.0,0.0,0.0,0.0,0.0,0.0,0.0,0.0,0.0,0.0,0.0,48.0,48.0,0.0,0.0,0.0,0.0,48.0
NEIGHBORS.3,48.0,0.0,0.0,0.0,0.0,0.0,0.0,0.0,0.0,48.0,0.0,0.0,0.0,0.0,0.0,0.0,0.0,0.0,0.0,0.0,0.0,0.0,0.0,0.0,0.0,0.0,0.0,48.0,0.0,48.0,0.0,0.0,0.0,0.0,0.0,0.0,0.0,0.0,0.0,0.0,0.0,0.0,0.0,0.0,0.0,48.0,48.0,0.0,0.0,0.0,48.0,48.0,48.0,48.0,0.0,0.0,0.0,0.0,0.0,0.0,0.0,0.0,48.0,0.0,0.0,0.0,0.0,0.0,0.0,0.0,0.0,0.0,0.0,0.0,0.0,48.0,48.0,0.0,0.0,0.0,0.0,48.0
OFFICERS,18.0,0.0,0.0,0.0,34.0,16.0,0.0,0.0,0.0,105.0,0.0,46.0,0.0,0.0,0.0,121.0,0.0,0.0,0.0,0.0,0.0,0.0,0.0,0.0,134.0,4.0,0.0,64.0,0.0,46.0,34.0,0.0,34.0,0.0,0.0,0.0,0.0,0.0,0.0,0.0,0.0,0.0,0.0,0.0,0.0,0.0,0.0,0.0,0.0,0.0,0.0,0.0,0.0,64.0,0.0,70.0,0.0,0.0,0.0,0.0,0.0,0.0,64.0,0.0,0.0,0.0,87.0,0.0,0.0,0.0,46.0,34.0,0.0,14.0,87.0,64.0,46.0,0.0,46.0,0.0,0.0,80.0
PETITIONERS,0.0,0.0,0.0,0.0,0.0,0.0,0.0,0.0,0.0,0.0,0.0,0.0,0.0,0.0,0.0,0.0,0.0,0.0,0.0,0.0,0.0,0.0,0.0,0.0,0.0,0.0,0.0,0.0,0.0,0.0,0.0,0.0,0.0,0.0,0.0,0.0,0.0,0.0,0.0,0.0,0.0,0.0,0.0,0.0,0.0,0.0,0.0,0.0,0.0,0.0,0.0,0.0,0.0,38.0,0.0,0.0,0.0,3.0,0.0,0.0,0.0,0.0,0.0,0.0,0.0,0.0,0.0,0.0,0.0,0.0,0.0,0.0,0.0,0.0,0.0,38.0,38.0,0.0,0.0,0.0,0.0,0.0
PRENTICES.1,48.0,0.0,0.0,0.0,0.0,0.0,0.0,0.0,0.0,48.0,0.0,0.0,0.0,0.0,0.0,0.0,0.0,0.0,0.0,0.0,0.0,0.0,0.0,0.0,0.0,0.0,0.0,48.0,0.0,48.0,0.0,0.0,0.0,0.0,0.0,0.0,0.0,0.0,0.0,0.0,0.0,0.0,0.0,0.0,0.0,48.0,48.0,48.0,0.0,0.0,0.0,48.0,48.0,48.0,0.0,0.0,0.0,0.0,0.0,0.0,0.0,0.0,48.0,0.0,0.0,0.0,0.0,0.0,0.0,0.0,0.0,0.0,0.0,0.0,0.0,48.0,48.0,0.0,0.0,0.0,0.0,48.0
PRENTICES.2,48.0,0.0,0.0,0.0,0.0,0.0,0.0,0.0,0.0,48.0,0.0,0.0,0.0,0.0,0.0,0.0,0.0,0.0,0.0,0.0,0.0,0.0,0.0,0.0,0.0,0.0,0.0,48.0,0.0,48.0,0.0,0.0,0.0,0.0,0.0,0.0,0.0,0.0,0.0,0.0,0.0,0.0,0.0,0.0,0.0,48.0,48.0,48.0,0.0,0.0,48.0,0.0,48.0,48.0,0.0,0.0,0.0,0.0,0.0,0.0,0.0,0.0,48.0,0.0,0.0,0.0,0.0,0.0,0.0,0.0,0.0,0.0,0.0,0.0,0.0,48.0,48.0,0.0,0.0,0.0,0.0,48.0
PRENTICES.3,48.0,0.0,0.0,0.0,0.0,0.0,0.0,0.0,0.0,48.0,0.0,0.0,0.0,0.0,0.0,0.0,0.0,0.0,0.0,0.0,0.0,0.0,0.0,0.0,0.0,0.0,0.0,48.0,0.0,48.0,0.0,0.0,0.0,0.0,0.0,0.0,0.0,0.0,0.0,0.0,0.0,0.0,0.0,0.0,0.0,48.0,48.0,48.0,0.0,0.0,48.0,48.0,0.0,48.0,0.0,0.0,0.0,0.0,0.0,0.0,0.0,0.0,48.0,0.0,0.0,0.0,0.0,0.0,0.0,0.0,0.0,0.0,0.0,0.0,0.0,48.0,48.0,0.0,0.0,0.0,0.0,48.0
QueenMargaret,1002.0,137.0,13.0,0.0,18.0,538.0,14.0,0.0,98.0,1278.0,0.0,1050.0,0.0,147.0,0.0,66.0,97.0,219.0,14.0,61.0,207.0,0.0,0.0,0.0,581.0,0.0,0.0,1316.0,0.0,94.0,18.0,137.0,18.0,0.0,36.0,12.0,6.0,0.0,0.0,28.0,0.0,0.0,0.0,98.0,0.0,48.0,48.0,48.0,64.0,38.0,48.0,48.0,48.0,0.0,97.0,0.0,0.0,3.0,0.0,0.0,0.0,0.0,664.0,0.0,61.0,0.0,0.0,92.0,98.0,0.0,956.0,18.0,0.0,0.0,0.0,1362.0,127.0,13.0,661.0,0.0,0.0,780.0
RichardIII,97.0,97.0,0.0,0.0,0.0,0.0,0.0,0.0,0.0,137.0,0.0,0.0,0.0,95.0,0.0,0.0,131.0,0.0,0.0,0.0,137.0,0.0,0.0,0.0,0.0,0.0,0.0,97.0,0.0,0.0,0.0,97.0,0.0,0.0,0.0,0.0,0.0,0.0,0.0,0.0,0.0,0.0,0.0,0.0,0.0,0.0,0.0,0.0,0.0,0.0,0.0,0.0,0.0,97.0,0.0,0.0,0.0,0.0,0.0,0.0,0.0,34.0,88.0,0.0,0.0,0.0,0.0,0.0,0.0,0.0,103.0,0.0,0.0,0.0,0.0,0.0,0.0,0.0,103.0,0.0,0.0,131.0
SERVANTS.GLOUCESTER,0.0,0.0,0.0,0.0,0.0,0.0,0.0,0.0,0.0,87.0,0.0,0.0,0.0,0.0,0.0,70.0,0.0,0.0,0.0,0.0,0.0,0.0,0.0,0.0,87.0,4.0,0.0,0.0,0.0,0.0,0.0,0.0,0.0,0.0,0.0,0.0,0.0,0.0,0.0,0.0,0.0,0.0,0.0,0.0,0.0,0.0,0.0,0.0,70.0,0.0,0.0,0.0,0.0,0.0,0.0,0.0,0.0,0.0,0.0,0.0,0.0,0.0,0.0,0.0,0.0,0.0,70.0,0.0,0.0,0.0,0.0,0.0,0.0,0.0,70.0,0.0,0.0,0.0,0.0,0.0,0.0,0.0
SERVANTS.IDEN,0.0,0.0,0.0,0.0,0.0,0.0,0.0,0.0,0.0,70.0,70.0,0.0,0.0,0.0,0.0,0.0,0.0,0.0,0.0,0.0,70.0,0.0,0.0,0.0,0.0,0.0,0.0,0.0,0.0,0.0,0.0,70.0,0.0,0.0,0.0,0.0,0.0,0.0,0.0,0.0,0.0,0.0,0.0,0.0,0.0,0.0,0.0,0.0,0.0,0.0,0.0,0.0,0.0,0.0,0.0,0.0,0.0,0.0,0.0,0.0,0.0,0.0,0.0,0.0,0.0,0.0,0.0,0.0,0.0,0.0,0.0,0.0,0.0,0.0,0.0,0.0,0.0,0.0,0.0,0.0,0.0,0.0
SERVANTS.SUFFOLK,0.0,0.0,0.0,0.0,0.0,0.0,0.0,0.0,0.0,0.0,0.0,0.0,0.0,0.0,0.0,0.0,0.0,0.0,0.0,0.0,0.0,0.0,0.0,0.0,0.0,0.0,0.0,0.0,0.0,0.0,0.0,0.0,0.0,0.0,0.0,0.0,0.0,0.0,0.0,0.0,0.0,0.0,0.0,0.0,0.0,0.0,0.0,0.0,0.0,3.0,0.0,0.0,0.0,3.0,0.0,0.0,0.0,0.0,0.0,0.0,0.0,0.0,0.0,0.0,0.0,0.0,0.0,0.0,0.0,0.0,0.0,0.0,0.0,0.0,0.0,3.0,3.0,0.0,0.0,0.0,0.0,0.0
SERVANTS.YORK.1,0.0,0.0,0.0,0.0,0.0,0.0,0.0,0.0,0.0,0.0,0.0,0.0,0.0,0.0,0.0,0.0,0.0,0.0,0.0,0.0,0.0,0.0,0.0,0.0,0.0,0.0,0.0,0.0,0.0,0.0,0.0,0.0,0.0,0.0,0.0,0.0,0.0,0.0,0.0,0.0,0.0,0.0,0.0,0.0,0.0,0.0,0.0,0.0,0.0,0.0,0.0,0.0,0.0,0.0,0.0,0.0,0.0,0.0,0.0,0.0,0.0,0.0,0.0,0.0,0.0,0.0,0.0,0.0,0.0,0.0,0.0,0.0,0.0,0.0,0.0,0.0,0.0,0.0,0.0,0.0,0.0,2.0
SOLDIERS,0.0,0.0,0.0,60.0,0.0,0.0,0.0,0.0,0.0,60.0,60.0,0.0,0.0,0.0,60.0,0.0,0.0,0.0,60.0,60.0,0.0,0.0,0.0,0.0,0.0,0.0,60.0,0.0,60.0,0.0,0.0,0.0,0.0,0.0,0.0,0.0,0.0,0.0,0.0,0.0,0.0,0.0,0.0,0.0,60.0,0.0,0.0,0.0,0.0,0.0,0.0,0.0,0.0,0.0,0.0,0.0,0.0,0.0,0.0,0.0,0.0,0.0,0.0,60.0,0.0,0.0,0.0,0.0,0.0,60.0,0.0,0.0,0.0,60.0,0.0,0.0,0.0,0.0,0.0,0.0,60.0,0.0
SOLDIERS.1,0.0,0.0,0.0,9.0,0.0,0.0,0.0,0.0,0.0,9.0,9.0,0.0,0.0,0.0,9.0,0.0,0.0,0.0,9.0,9.0,0.0,0.0,0.0,0.0,0.0,0.0,0.0,0.0,9.0,0.0,0.0,0.0,0.0,0.0,0.0,0.0,0.0,0.0,0.0,0.0,0.0,0.0,0.0,0.0,9.0,0.0,0.0,0.0,0.0,0.0,0.0,0.0,0.0,0.0,0.0,0.0,0.0,0.0,0.0,0.0,0.0,0.0,0.0,0.0,0.0,0.0,0.0,0.0,0.0,9.0,0.0,0.0,0.0,0.0,0.0,0.0,0.0,0.0,0.0,0.0,0.0,0.0
SOLDIERS.YORK,0.0,48.0,0.0,0.0,0.0,37.0,0.0,0.0,0.0,82.0,0.0,0.0,0.0,0.0,0.0,0.0,34.0,0.0,0.0,0.0,82.0,0.0,0.0,0.0,0.0,0.0,0.0,0.0,0.0,0.0,0.0,0.0,0.0,0.0,0.0,0.0,0.0,0.0,0.0,0.0,0.0,0.0,0.0,0.0,0.0,0.0,0.0,0.0,0.0,0.0,0.0,0.0,0.0,0.0,34.0,0.0,0.0,0.0,0.0,0.0,0.0,0.0,19.0,0.0,0.0,0.0,0.0,0.0,0.0,0.0,0.0,0.0,0.0,0.0,0.0,0.0,0.0,0.0,34.0,0.0,0.0,82.0
Salisbury,462.0,69.0,0.0,0.0,18.0,462.0,14.0,0.0,0.0,601.0,0.0,620.0,0.0,69.0,0.0,66.0,88.0,0.0,0.0,0.0,88.0,0.0,0.0,0.0,403.0,0.0,0.0,697.0,0.0,94.0,18.0,69.0,18.0,0.0,0.0,0.0,0.0,0.0,0.0,0.0,0.0,0.0,0.0,0.0,0.0,48.0,48.0,48.0,64.0,0.0,48.0,48.0,48.0,664.0,88.0,0.0,0.0,0.0,0.0,0.0,0.0,19.0,0.0,0.0,0.0,0.0,0.0,0.0,0.0,0.0,582.0,18.0,0.0,0.0,0.0,595.0,94.0,0.0,838.0,0.0,0.0,851.0
Sawyer,0.0,0.0,0.0,156.0,0.0,0.0,0.0,0.0,0.0,156.0,156.0,0.0,25.0,0.0,156.0,0.0,0.0,0.0,156.0,105.0,0.0,0.0,0.0,0.0,0.0,0.0,60.0,0.0,156.0,0.0,0.0,0.0,0.0,0.0,0.0,0.0,0.0,0.0,0.0,0.0,0.0,0.0,0.0,0.0,80.0,0.0,0.0,0.0,0.0,0.0,0.0,0.0,0.0,0.0,0.0,0.0,0.0,0.0,0.0,60.0,0.0,0.0,0.0,0.0,0.0,0.0,0.0,0.0,0.0,156.0,0.0,0.0,0.0,60.0,0.0,0.0,0.0,0.0,0.0,0.0,60.0,0.0
Saye,0.0,0.0,0.0,96.0,0.0,61.0,0.0,0.0,0.0,157.0,96.0,0.0,0.0,0.0,96.0,0.0,0.0,0.0,96.0,157.0,0.0,0.0,0.0,96.0,0.0,0.0,0.0,61.0,96.0,0.0,0.0,0.0,0.0,0.0,36.0,12.0,0.0,0.0,96.0,0.0,0.0,0.0,0.0,0.0,96.0,0.0,0.0,0.0,0.0,0.0,0.0,0.0,0.0,61.0,0.0,0.0,0.0,0.0,0.0,0.0,0.0,0.0,0.0,0.0,0.0,0.0,0.0,0.0,0.0,96.0,0.0,0.0,0.0,0.0,0.0,0.0,0.0,0.0,0.0,0.0,0.0,0.0
Scales,0.0,0.0,0.0,0.0,0.0,0.0,0.0,13.0,0.0,13.0,0.0,0.0,0.0,0.0,0.0,0.0,0.0,0.0,0.0,13.0,0.0,0.0,0.0,0.0,0.0,0.0,0.0,0.0,0.0,0.0,0.0,0.0,0.0,0.0,0.0,0.0,0.0,0.0,0.0,0.0,0.0,0.0,0.0,0.0,0.0,0.0,0.0,0.0,0.0,0.0,0.0,0.0,0.0,0.0,0.0,0.0,0.0,0.0,0.0,0.0,0.0,0.0,0.0,0.0,0.0,0.0,0.0,0.0,0.0,0.0,0.0,0.0,0.0,0.0,0.0,0.0,0.0,0.0,0.0,0.0,0.0,0.0
Sheriff,0.0,0.0,0.0,0.0,0.0,0.0,0.0,0.0,0.0,87.0,0.0,0.0,0.0,0.0,0.0,87.0,0.0,0.0,0.0,0.0,0.0,0.0,0.0,0.0,70.0,4.0,0.0,0.0,0.0,0.0,0.0,0.0,0.0,0.0,0.0,0.0,0.0,0.0,0.0,0.0,0.0,0.0,0.0,0.0,0.0,0.0,0.0,0.0,87.0,0.0,0.0,0.0,0.0,0.0,0.0,70.0,0.0,0.0,0.0,0.0,0.0,0.0,0.0,0.0,0.0,0.0,0.0,0.0,0.0,0.0,0.0,0.0,0.0,0.0,87.0,0.0,0.0,0.0,0.0,0.0,0.0,0.0
Simpcox,92.0,0.0,7.0,0.0,0.0,0.0,0.0,0.0,92.0,92.0,0.0,92.0,0.0,0.0,0.0,0.0,0.0,92.0,0.0,0.0,0.0,0.0,0.0,0.0,92.0,0.0,0.0,92.0,0.0,0.0,0.0,0.0,0.0,0.0,0.0,0.0,0.0,0.0,0.0,0.0,0.0,0.0,0.0,92.0,0.0,0.0,0.0,0.0,0.0,0.0,0.0,0.0,0.0,92.0,0.0,0.0,0.0,0.0,0.0,0.0,0.0,0.0,0.0,0.0,0.0,0.0,0.0,0.0,92.0,0.0,0.0,0.0,0.0,0.0,0.0,92.0,0.0,0.0,0.0,0.0,0.0,0.0
SimpcoxWife,98.0,0.0,13.0,0.0,0.0,0.0,0.0,0.0,98.0,98.0,0.0,98.0,0.0,0.0,0.0,0.0,0.0,98.0,0.0,0.0,0.0,0.0,0.0,0.0,98.0,0.0,0.0,98.0,0.0,0.0,0.0,0.0,0.0,0.0,0.0,0.0,0.0,0.0,0.0,0.0,0.0,0.0,0.0,98.0,0.0,0.0,0.0,0.0,0.0,0.0,0.0,0.0,0.0,98.0,0.0,0.0,0.0,0.0,0.0,0.0,0.0,0.0,0.0,0.0,0.0,0.0,0.0,92.0,0.0,0.0,0.0,0.0,0.0,0.0,0.0,98.0,0.0,0.0,0.0,0.0,0.0,0.0
Smith,66.0,0.0,0.0,397.0,0.0,66.0,0.0,0.0,0.0,397.0,392.0,0.0,25.0,66.0,397.0,0.0,0.0,0.0,397.0,256.0,79.0,0.0,0.0,186.0,0.0,0.0,60.0,0.0,397.0,0.0,0.0,0.0,0.0,0.0,0.0,0.0,0.0,0.0,119.0,0.0,0.0,0.0,0.0,0.0,321.0,0.0,0.0,0.0,0.0,0.0,0.0,0.0,0.0,0.0,0.0,0.0,0.0,0.0,0.0,60.0,9.0,0.0,0.0,156.0,96.0,0.0,0.0,0.0,0.0,0.0,0.0,0.0,0.0,78.0,0.0,0.0,0.0,0.0,0.0,0.0,78.0,0.0
Somerset,593.0,137.0,0.0,0.0,0.0,460.0,14.0,0.0,0.0,760.0,0.0,849.0,0.0,147.0,0.0,48.0,97.0,0.0,14.0,0.0,213.0,0.0,0.0,0.0,396.0,0.0,0.0,846.0,0.0,46.0,0.0,137.0,0.0,0.0,0.0,0.0,6.0,0.0,0.0,28.0,0.0,0.0,0.0,0.0,0.0,0.0,0.0,0.0,46.0,0.0,0.0,0.0,0.0,956.0,103.0,0.0,0.0,0.0,0.0,0.0,0.0,0.0,582.0,0.0,0.0,0.0,0.0,0.0,0.0,0.0,0.0,0.0,0.0,0.0,0.0,736.0,46.0,0.0,687.0,0.0,0.0,698.0
Southwell,18.0,0.0,0.0,0.0,76.0,16.0,0.0,0.0,0.0,18.0,0.0,0.0,0.0,0.0,0.0,62.0,0.0,0.0,0.0,0.0,0.0,0.0,0.0,0.0,18.0,0.0,0.0,18.0,0.0,0.0,73.0,0.0,76.0,0.0,0.0,0.0,0.0,0.0,0.0,0.0,0.0,0.0,0.0,0.0,0.0,0.0,0.0,0.0,34.0,0.0,0.0,0.0,0.0,18.0,0.0,0.0,0.0,0.0,0.0,0.0,0.0,0.0,18.0,0.0,0.0,0.0,0.0,0.0,0.0,0.0,0.0,0.0,18.0,14.0,0.0,18.0,0.0,0.0,0.0,0.0,0.0,34.0
Spirit,0.0,0.0,0.0,0.0,18.0,0.0,0.0,0.0,0.0,0.0,0.0,0.0,0.0,0.0,0.0,18.0,0.0,0.0,0.0,0.0,0.0,0.0,0.0,0.0,0.0,0.0,0.0,0.0,0.0,0.0,18.0,0.0,18.0,0.0,0.0,0.0,0.0,0.0,0.0,0.0,0.0,0.0,0.0,0.0,0.0,0.0,0.0,0.0,0.0,0.0,0.0,0.0,0.0,0.0,0.0,0.0,0.0,0.0,0.0,0.0,0.0,0.0,0.0,0.0,0.0,0.0,0.0,0.0,0.0,0.0,0.0,18.0,0.0,0.0,0.0,0.0,0.0,0.0,0.0,0.0,0.0,0.0
Stafford,0.0,0.0,0.0,78.0,14.0,14.0,0.0,0.0,0.0,78.0,78.0,0.0,0.0,0.0,78.0,14.0,0.0,0.0,78.0,78.0,0.0,0.0,0.0,0.0,0.0,0.0,60.0,0.0,78.0,0.0,14.0,0.0,14.0,0.0,0.0,0.0,0.0,0.0,0.0,0.0,0.0,0.0,0.0,0.0,78.0,0.0,0.0,0.0,14.0,0.0,0.0,0.0,0.0,0.0,0.0,0.0,0.0,0.0,0.0,60.0,0.0,0.0,0.0,60.0,0.0,0.0,0.0,0.0,0.0,78.0,0.0,14.0,0.0,0.0,0.0,0.0,0.0,0.0,0.0,0.0,78.0,14.0
Stanley,0.0,0.0,0.0,0.0,0.0,0.0,0.0,0.0,0.0,94.0,0.0,0.0,0.0,0.0,0.0,94.0,0.0,0.0,0.0,0.0,0.0,0.0,0.0,0.0,70.0,4.0,0.0,0.0,0.0,0.0,0.0,0.0,0.0,0.0,0.0,0.0,0.0,0.0,0.0,0.0,0.0,0.0,0.0,0.0,0.0,0.0,0.0,0.0,87.0,0.0,0.0,0.0,0.0,0.0,0.0,70.0,0.0,0.0,0.0,0.0,0.0,0.0,0.0,0.0,0.0,0.0,87.0,0.0,0.0,0.0,0.0,0.0,0.0,0.0,0.0,0.0,0.0,0.0,0.0,0.0,0.0,0.0
Suffolk,833.0,0.0,13.0,0.0,18.0,397.0,14.0,0.0,98.0,1153.0,0.0,1037.0,0.0,0.0,0.0,66.0,0.0,219.0,0.0,0.0,0.0,146.0,146.0,0.0,581.0,0.0,0.0,1035.0,0.0,94.0,18.0,0.0,18.0,146.0,0.0,0.0,6.0,0.0,0.0,0.0,10.0,146.0,146.0,98.0,0.0,48.0,48.0,48.0,64.0,38.0,48.0,48.0,48.0,1362.0,0.0,0.0,0.0,3.0,0.0,0.0,0.0,0.0,595.0,0.0,0.0,0.0,0.0,92.0,98.0,0.0,736.0,18.0,0.0,0.0,0.0,0.0,127.0,13.0,592.0,146.0,0.0,643.0
Thump,48.0,0.0,0.0,0.0,0.0,0.0,0.0,0.0,0.0,48.0,0.0,46.0,0.0,0.0,0.0,0.0,0.0,0.0,0.0,0.0,0.0,0.0,0.0,0.0,46.0,0.0,0.0,94.0,0.0,94.0,0.0,0.0,0.0,0.0,0.0,0.0,0.0,0.0,0.0,0.0,0.0,0.0,0.0,0.0,0.0,48.0,48.0,48.0,46.0,38.0,48.0,48.0,48.0,127.0,0.0,0.0,0.0,3.0,0.0,0.0,0.0,0.0,94.0,0.0,0.0,0.0,0.0,0.0,0.0,0.0,46.0,0.0,0.0,0.0,0.0,127.0,0.0,0.0,46.0,0.0,0.0,94.0
Vaux,0.0,0.0,0.0,0.0,0.0,0.0,0.0,0.0,0.0,13.0,0.0,0.0,0.0,0.0,0.0,0.0,0.0,0.0,0.0,0.0,0.0,0.0,0.0,0.0,0.0,0.0,0.0,0.0,0.0,0.0,0.0,0.0,0.0,0.0,0.0,0.0,0.0,0.0,0.0,0.0,0.0,0.0,0.0,0.0,0.0,0.0,0.0,0.0,0.0,0.0,0.0,0.0,0.0,13.0,0.0,0.0,0.0,0.0,0.0,0.0,0.0,0.0,0.0,0.0,0.0,0.0,0.0,0.0,0.0,0.0,0.0,0.0,0.0,0.0,0.0,13.0,0.0,0.0,0.0,0.0,0.0,0.0
Warwick,459.0,69.0,0.0,0.0,0.0,462.0,14.0,0.0,0.0,631.0,0.0,725.0,0.0,75.0,0.0,48.0,103.0,0.0,0.0,0.0,121.0,0.0,0.0,0.0,396.0,0.0,0.0,694.0,0.0,46.0,0.0,69.0,0.0,0.0,0.0,0.0,0.0,0.0,0.0,0.0,0.0,0.0,0.0,0.0,0.0,0.0,0.0,0.0,46.0,0.0,0.0,0.0,0.0,661.0,103.0,0.0,0.0,0.0,0.0,0.0,0.0,34.0,838.0,0.0,0.0,0.0,0.0,0.0,0.0,0.0,687.0,0.0,0.0,0.0,0.0,592.0,46.0,0.0,0.0,0.0,0.0,769.0
Whitmore,0.0,0.0,0.0,0.0,0.0,0.0,0.0,0.0,0.0,148.0,0.0,0.0,0.0,0.0,0.0,0.0,0.0,0.0,0.0,0.0,0.0,148.0,146.0,0.0,0.0,0.0,0.0,0.0,0.0,0.0,0.0,0.0,0.0,146.0,0.0,0.0,0.0,0.0,0.0,0.0,0.0,146.0,146.0,0.0,0.0,0.0,0.0,0.0,0.0,0.0,0.0,0.0,0.0,0.0,0.0,0.0,0.0,0.0,0.0,0.0,0.0,0.0,0.0,0.0,0.0,0.0,0.0,0.0,0.0,0.0,0.0,0.0,0.0,0.0,0.0,146.0,0.0,0.0,0.0,0.0,0.0,0.0
WilliamStafford,0.0,0.0,0.0,78.0,0.0,0.0,0.0,0.0,0.0,78.0,78.0,0.0,0.0,0.0,78.0,0.0,0.0,0.0,78.0,78.0,0.0,0.0,0.0,0.0,0.0,0.0,60.0,0.0,78.0,0.0,0.0,0.0,0.0,0.0,0.0,0.0,0.0,0.0,0.0,0.0,0.0,0.0,0.0,0.0,78.0,0.0,0.0,0.0,0.0,0.0,0.0,0.0,0.0,0.0,0.0,0.0,0.0,0.0,0.0,60.0,0.0,0.0,0.0,60.0,0.0,0.0,0.0,0.0,0.0,78.0,0.0,0.0,0.0,78.0,0.0,0.0,0.0,0.0,0.0,0.0,0.0,0.0
York,495.0,220.0,0.0,0.0,34.0,610.0,0.0,0.0,0.0,860.0,0.0,635.0,0.0,113.0,0.0,82.0,131.0,0.0,0.0,0.0,277.0,0.0,0.0,0.0,403.0,0.0,0.0,697.0,0.0,94.0,34.0,156.0,34.0,0.0,0.0,0.0,6.0,0.0,0.0,0.0,0.0,0.0,0.0,0.0,0.0,48.0,48.0,48.0,80.0,0.0,48.0,48.0,48.0,780.0,131.0,0.0,0.0,0.0,2.0,0.0,0.0,82.0,851.0,0.0,0.0,0.0,0.0,0.0,0.0,0.0,698.0,34.0,0.0,14.0,0.0,643.0,94.0,0.0,769.0,0.0,0.0,0.0
