,ALDERMEN,ATTENDANTS,Abergavenny,Anne,BISHOPS,BishopOfLincoln,Brandon,Buckingham,Butts,COMMONERS,Campeius,Capuchius,Chamberlain,Chancellor,Cranmer,Crier,Cromwell,Denny,ElizabethI.Infant,Epilogue,GENTLEMEN,GENTLEMEN.1,GENTLEMEN.2,GENTLEMEN.3,GENTLEMEN.X,GUARDS,Gardiner,Garter,Griffith,Guilford,HenryVIII,Katherine,Keeper,LADIES,LADIES.KATHERINE,LADIES.KATHERINE.Patience,LORDS,LordMayor,Lovell,MASKERS,Messenger,NOBLES,Norfolk,OldLady,Page,Porter,Prologue,SECRETARIES,SECRETARIES.X.1,SERVANTS,SERVANTS.PORTER.1,SERVANTS.X.1,Sands,Scribe,Sergeant,Suffolk,Surrey,Surveyor,Usher,Vaux,Wolsey
ALDERMEN,0.0,0.0,0.0,0.0,0.0,0.0,0.0,0.0,0.0,0.0,0.0,0.0,0.0,0.0,86.0,0.0,0.0,0.0,86.0,0.0,0.0,0.0,0.0,0.0,0.0,83.0,0.0,86.0,0.0,0.0,83.0,0.0,0.0,86.0,0.0,0.0,86.0,86.0,0.0,0.0,0.0,0.0,86.0,0.0,0.0,0.0,0.0,0.0,0.0,0.0,0.0,0.0,0.0,0.0,0.0,86.0,0.0,0.0,0.0,0.0,0.0
ATTENDANTS,0.0,0.0,0.0,101.0,266.0,266.0,0.0,0.0,0.0,0.0,266.0,0.0,211.0,0.0,0.0,266.0,0.0,0.0,0.0,0.0,101.0,0.0,0.0,0.0,0.0,0.0,0.0,0.0,0.0,101.0,687.0,387.0,0.0,101.0,0.0,0.0,266.0,0.0,461.0,61.0,0.0,247.0,352.0,0.0,0.0,0.0,0.0,0.0,124.0,101.0,0.0,11.0,101.0,266.0,0.0,352.0,113.0,123.0,148.0,0.0,727.0
Abergavenny,0.0,0.0,0.0,0.0,0.0,0.0,39.0,269.0,0.0,0.0,0.0,0.0,0.0,0.0,0.0,0.0,0.0,0.0,0.0,0.0,0.0,0.0,0.0,0.0,0.0,46.0,0.0,0.0,0.0,0.0,0.0,0.0,0.0,0.0,0.0,0.0,0.0,0.0,0.0,0.0,0.0,0.0,269.0,0.0,0.0,0.0,0.0,7.0,0.0,0.0,0.0,0.0,0.0,0.0,39.0,0.0,0.0,0.0,0.0,0.0,7.0
Anne,0.0,101.0,0.0,0.0,0.0,0.0,0.0,0.0,0.0,0.0,0.0,0.0,172.0,0.0,0.0,0.0,0.0,0.0,0.0,0.0,144.0,0.0,0.0,0.0,0.0,0.0,0.0,0.0,0.0,144.0,61.0,0.0,0.0,144.0,0.0,0.0,0.0,0.0,137.0,61.0,0.0,0.0,0.0,129.0,0.0,0.0,0.0,0.0,0.0,101.0,0.0,11.0,137.0,0.0,0.0,0.0,0.0,0.0,0.0,0.0,101.0
BISHOPS,0.0,266.0,0.0,0.0,0.0,266.0,0.0,0.0,0.0,0.0,266.0,0.0,0.0,0.0,0.0,266.0,0.0,0.0,0.0,0.0,0.0,0.0,0.0,0.0,0.0,0.0,0.0,0.0,0.0,0.0,266.0,148.0,0.0,0.0,0.0,0.0,266.0,0.0,0.0,0.0,0.0,0.0,0.0,0.0,0.0,0.0,0.0,0.0,0.0,0.0,0.0,0.0,0.0,266.0,0.0,0.0,0.0,0.0,148.0,0.0,266.0
BishopOfLincoln,0.0,266.0,0.0,0.0,266.0,0.0,0.0,0.0,0.0,0.0,266.0,0.0,0.0,0.0,0.0,266.0,0.0,0.0,0.0,0.0,0.0,0.0,0.0,0.0,0.0,0.0,0.0,0.0,0.0,0.0,266.0,148.0,0.0,0.0,0.0,0.0,266.0,0.0,0.0,0.0,0.0,0.0,0.0,0.0,0.0,0.0,0.0,0.0,0.0,0.0,0.0,0.0,0.0,266.0,0.0,0.0,0.0,0.0,148.0,0.0,266.0
Brandon,0.0,0.0,39.0,0.0,0.0,0.0,0.0,39.0,0.0,0.0,0.0,0.0,0.0,0.0,0.0,0.0,0.0,0.0,0.0,0.0,0.0,0.0,0.0,0.0,0.0,39.0,0.0,0.0,0.0,0.0,0.0,0.0,0.0,0.0,0.0,0.0,0.0,0.0,0.0,0.0,0.0,0.0,39.0,0.0,0.0,0.0,0.0,0.0,0.0,0.0,0.0,0.0,0.0,0.0,39.0,0.0,0.0,0.0,0.0,0.0,0.0
Buckingham,0.0,0.0,269.0,0.0,0.0,0.0,39.0,0.0,0.0,86.0,0.0,0.0,0.0,0.0,0.0,0.0,0.0,0.0,0.0,0.0,0.0,86.0,86.0,0.0,0.0,132.0,0.0,0.0,0.0,0.0,0.0,0.0,0.0,0.0,0.0,0.0,0.0,0.0,86.0,0.0,0.0,0.0,269.0,0.0,0.0,0.0,0.0,7.0,0.0,0.0,0.0,0.0,86.0,0.0,39.0,0.0,0.0,0.0,0.0,86.0,7.0
Butts,0.0,0.0,0.0,0.0,0.0,0.0,0.0,0.0,0.0,0.0,0.0,0.0,0.0,0.0,23.0,0.0,0.0,0.0,0.0,0.0,0.0,0.0,0.0,0.0,0.0,0.0,0.0,0.0,0.0,0.0,20.0,0.0,23.0,0.0,0.0,0.0,0.0,0.0,0.0,0.0,0.0,0.0,0.0,0.0,0.0,0.0,0.0,0.0,0.0,23.0,0.0,0.0,0.0,0.0,0.0,0.0,0.0,0.0,0.0,0.0,0.0
COMMONERS,0.0,0.0,0.0,0.0,0.0,0.0,0.0,86.0,0.0,0.0,0.0,0.0,0.0,0.0,0.0,0.0,0.0,0.0,0.0,0.0,0.0,86.0,86.0,0.0,0.0,86.0,0.0,0.0,0.0,0.0,0.0,0.0,0.0,0.0,0.0,0.0,0.0,0.0,86.0,0.0,0.0,0.0,0.0,0.0,0.0,0.0,0.0,0.0,0.0,0.0,0.0,0.0,86.0,0.0,0.0,0.0,0.0,0.0,0.0,86.0,0.0
Campeius,0.0,266.0,0.0,0.0,266.0,266.0,0.0,0.0,0.0,0.0,0.0,0.0,0.0,0.0,0.0,266.0,0.0,0.0,0.0,0.0,0.0,0.0,0.0,0.0,0.0,0.0,25.0,0.0,0.0,0.0,349.0,325.0,0.0,0.0,177.0,0.0,266.0,0.0,0.0,0.0,0.0,0.0,18.0,0.0,0.0,0.0,0.0,0.0,0.0,0.0,0.0,0.0,0.0,266.0,0.0,18.0,0.0,0.0,148.0,0.0,526.0
Capuchius,0.0,0.0,0.0,0.0,0.0,0.0,0.0,0.0,0.0,0.0,0.0,0.0,0.0,0.0,0.0,0.0,0.0,0.0,0.0,0.0,0.0,0.0,0.0,0.0,0.0,0.0,0.0,0.0,72.0,0.0,0.0,72.0,0.0,0.0,0.0,72.0,0.0,0.0,0.0,0.0,0.0,0.0,0.0,0.0,0.0,0.0,0.0,0.0,0.0,0.0,0.0,0.0,0.0,0.0,0.0,0.0,0.0,0.0,0.0,0.0,0.0
Chamberlain,0.0,211.0,0.0,172.0,0.0,0.0,0.0,0.0,0.0,0.0,0.0,0.0,0.0,214.0,214.0,0.0,229.0,0.0,0.0,0.0,134.0,0.0,0.0,0.0,0.0,101.0,214.0,0.0,0.0,134.0,250.0,0.0,214.0,134.0,0.0,0.0,0.0,0.0,313.0,61.0,0.0,0.0,669.0,38.0,0.0,29.0,0.0,0.0,0.0,312.0,29.0,11.0,218.0,0.0,0.0,669.0,606.0,0.0,0.0,0.0,392.0
Chancellor,0.0,0.0,0.0,0.0,0.0,0.0,0.0,0.0,0.0,0.0,0.0,0.0,214.0,0.0,214.0,0.0,214.0,0.0,0.0,0.0,0.0,0.0,0.0,0.0,0.0,101.0,214.0,0.0,0.0,0.0,76.0,0.0,214.0,0.0,0.0,0.0,0.0,0.0,0.0,0.0,0.0,0.0,214.0,0.0,0.0,0.0,0.0,0.0,0.0,214.0,0.0,0.0,0.0,0.0,0.0,214.0,214.0,0.0,0.0,0.0,0.0
Cranmer,86.0,0.0,0.0,0.0,0.0,0.0,0.0,0.0,23.0,0.0,0.0,0.0,214.0,214.0,0.0,0.0,214.0,3.0,86.0,0.0,0.0,0.0,0.0,0.0,0.0,184.0,214.0,86.0,0.0,0.0,265.0,0.0,253.0,86.0,0.0,0.0,86.0,86.0,3.0,0.0,0.0,0.0,300.0,0.0,0.0,0.0,0.0,0.0,0.0,258.0,0.0,0.0,0.0,0.0,0.0,300.0,214.0,0.0,0.0,0.0,0.0
Crier,0.0,266.0,0.0,0.0,266.0,266.0,0.0,0.0,0.0,0.0,266.0,0.0,0.0,0.0,0.0,0.0,0.0,0.0,0.0,0.0,0.0,0.0,0.0,0.0,0.0,0.0,0.0,0.0,0.0,0.0,266.0,148.0,0.0,0.0,0.0,0.0,266.0,0.0,0.0,0.0,0.0,0.0,0.0,0.0,0.0,0.0,0.0,0.0,0.0,0.0,0.0,0.0,0.0,266.0,0.0,0.0,0.0,0.0,148.0,0.0,266.0
Cromwell,0.0,0.0,0.0,0.0,0.0,0.0,0.0,0.0,0.0,0.0,0.0,0.0,229.0,214.0,214.0,0.0,0.0,0.0,0.0,0.0,0.0,0.0,0.0,0.0,0.0,101.0,214.0,0.0,0.0,0.0,76.0,0.0,214.0,0.0,0.0,0.0,0.0,0.0,0.0,0.0,0.0,0.0,229.0,0.0,0.0,0.0,0.0,0.0,0.0,214.0,0.0,0.0,0.0,0.0,0.0,229.0,229.0,0.0,0.0,0.0,114.0
Denny,0.0,0.0,0.0,0.0,0.0,0.0,0.0,0.0,0.0,0.0,0.0,0.0,0.0,0.0,3.0,0.0,0.0,0.0,0.0,0.0,0.0,0.0,0.0,0.0,0.0,0.0,0.0,0.0,0.0,0.0,11.0,0.0,0.0,0.0,0.0,0.0,0.0,0.0,11.0,0.0,0.0,0.0,0.0,0.0,0.0,0.0,0.0,0.0,0.0,0.0,0.0,0.0,0.0,0.0,0.0,0.0,0.0,0.0,0.0,0.0,0.0
ElizabethI.Infant,86.0,0.0,0.0,0.0,0.0,0.0,0.0,0.0,0.0,0.0,0.0,0.0,0.0,0.0,86.0,0.0,0.0,0.0,0.0,0.0,0.0,0.0,0.0,0.0,0.0,83.0,0.0,86.0,0.0,0.0,83.0,0.0,0.0,86.0,0.0,0.0,86.0,86.0,0.0,0.0,0.0,0.0,86.0,0.0,0.0,0.0,0.0,0.0,0.0,0.0,0.0,0.0,0.0,0.0,0.0,86.0,0.0,0.0,0.0,0.0,0.0
Epilogue,0.0,0.0,0.0,0.0,0.0,0.0,0.0,0.0,0.0,0.0,0.0,0.0,0.0,0.0,0.0,0.0,0.0,0.0,0.0,0.0,0.0,0.0,0.0,0.0,0.0,0.0,0.0,0.0,0.0,0.0,0.0,0.0,0.0,0.0,0.0,0.0,0.0,0.0,0.0,0.0,0.0,0.0,0.0,0.0,0.0,0.0,0.0,0.0,0.0,0.0,0.0,0.0,0.0,0.0,0.0,0.0,0.0,0.0,0.0,0.0,0.0
GENTLEMEN,0.0,101.0,0.0,144.0,0.0,0.0,0.0,0.0,0.0,0.0,0.0,0.0,134.0,0.0,0.0,0.0,0.0,0.0,0.0,0.0,0.0,0.0,0.0,0.0,0.0,0.0,0.0,0.0,0.0,144.0,61.0,0.0,0.0,144.0,0.0,0.0,0.0,0.0,137.0,61.0,0.0,0.0,0.0,0.0,0.0,0.0,0.0,0.0,0.0,101.0,0.0,11.0,137.0,0.0,0.0,0.0,0.0,0.0,0.0,0.0,101.0
GENTLEMEN.1,0.0,0.0,0.0,0.0,0.0,0.0,0.0,86.0,0.0,86.0,0.0,0.0,0.0,0.0,0.0,0.0,0.0,0.0,0.0,0.0,0.0,0.0,340.0,76.0,0.0,86.0,0.0,0.0,0.0,0.0,0.0,0.0,0.0,0.0,0.0,0.0,0.0,0.0,86.0,0.0,0.0,0.0,0.0,0.0,0.0,0.0,0.0,0.0,0.0,0.0,0.0,0.0,86.0,0.0,0.0,0.0,0.0,0.0,0.0,86.0,0.0
GENTLEMEN.2,0.0,0.0,0.0,0.0,0.0,0.0,0.0,86.0,0.0,86.0,0.0,0.0,0.0,0.0,0.0,0.0,0.0,0.0,0.0,0.0,0.0,340.0,0.0,76.0,0.0,86.0,0.0,0.0,0.0,0.0,0.0,0.0,0.0,0.0,0.0,0.0,0.0,0.0,86.0,0.0,0.0,0.0,0.0,0.0,0.0,0.0,0.0,0.0,0.0,0.0,0.0,0.0,86.0,0.0,0.0,0.0,0.0,0.0,0.0,86.0,0.0
GENTLEMEN.3,0.0,0.0,0.0,0.0,0.0,0.0,0.0,0.0,0.0,0.0,0.0,0.0,0.0,0.0,0.0,0.0,0.0,0.0,0.0,0.0,0.0,76.0,76.0,0.0,0.0,0.0,0.0,0.0,0.0,0.0,0.0,0.0,0.0,0.0,0.0,0.0,0.0,0.0,0.0,0.0,0.0,0.0,0.0,0.0,0.0,0.0,0.0,0.0,0.0,0.0,0.0,0.0,0.0,0.0,0.0,0.0,0.0,0.0,0.0,0.0,0.0
GENTLEMEN.X,0.0,0.0,0.0,0.0,0.0,0.0,0.0,0.0,0.0,0.0,0.0,0.0,0.0,0.0,0.0,0.0,0.0,0.0,0.0,0.0,0.0,0.0,0.0,0.0,0.0,0.0,0.0,0.0,0.0,0.0,0.0,7.0,0.0,0.0,7.0,0.0,0.0,0.0,0.0,0.0,0.0,0.0,0.0,0.0,0.0,0.0,0.0,0.0,0.0,0.0,0.0,0.0,0.0,0.0,0.0,0.0,0.0,0.0,0.0,0.0,0.0
GUARDS,83.0,0.0,46.0,0.0,0.0,0.0,39.0,132.0,0.0,86.0,0.0,0.0,101.0,101.0,184.0,0.0,101.0,0.0,83.0,0.0,0.0,86.0,86.0,0.0,0.0,0.0,101.0,83.0,0.0,0.0,159.0,0.0,101.0,83.0,0.0,0.0,83.0,83.0,86.0,0.0,0.0,0.0,230.0,0.0,0.0,0.0,0.0,7.0,0.0,101.0,0.0,0.0,86.0,0.0,39.0,184.0,101.0,0.0,0.0,86.0,7.0
Gardiner,0.0,0.0,0.0,0.0,0.0,0.0,0.0,0.0,0.0,0.0,25.0,0.0,214.0,214.0,214.0,0.0,214.0,0.0,0.0,0.0,0.0,0.0,0.0,0.0,0.0,101.0,0.0,0.0,0.0,0.0,101.0,0.0,214.0,0.0,0.0,0.0,0.0,0.0,66.0,0.0,0.0,0.0,214.0,0.0,66.0,0.0,0.0,0.0,0.0,214.0,0.0,0.0,0.0,0.0,0.0,214.0,214.0,0.0,0.0,0.0,25.0
Garter,86.0,0.0,0.0,0.0,0.0,0.0,0.0,0.0,0.0,0.0,0.0,0.0,0.0,0.0,86.0,0.0,0.0,0.0,86.0,0.0,0.0,0.0,0.0,0.0,0.0,83.0,0.0,0.0,0.0,0.0,83.0,0.0,0.0,86.0,0.0,0.0,86.0,86.0,0.0,0.0,0.0,0.0,86.0,0.0,0.0,0.0,0.0,0.0,0.0,0.0,0.0,0.0,0.0,0.0,0.0,86.0,0.0,0.0,0.0,0.0,0.0
Griffith,0.0,0.0,0.0,0.0,0.0,0.0,0.0,0.0,0.0,0.0,0.0,72.0,0.0,0.0,0.0,0.0,0.0,0.0,0.0,0.0,0.0,0.0,0.0,0.0,0.0,0.0,0.0,0.0,0.0,0.0,0.0,195.0,0.0,0.0,0.0,195.0,0.0,0.0,0.0,0.0,12.0,0.0,0.0,0.0,0.0,0.0,0.0,0.0,0.0,0.0,0.0,0.0,0.0,0.0,0.0,0.0,0.0,0.0,0.0,0.0,0.0
Guilford,0.0,101.0,0.0,144.0,0.0,0.0,0.0,0.0,0.0,0.0,0.0,0.0,134.0,0.0,0.0,0.0,0.0,0.0,0.0,0.0,144.0,0.0,0.0,0.0,0.0,0.0,0.0,0.0,0.0,0.0,61.0,0.0,0.0,144.0,0.0,0.0,0.0,0.0,137.0,61.0,0.0,0.0,0.0,0.0,0.0,0.0,0.0,0.0,0.0,101.0,0.0,11.0,137.0,0.0,0.0,0.0,0.0,0.0,0.0,0.0,101.0
HenryVIII,83.0,687.0,0.0,61.0,266.0,266.0,0.0,0.0,20.0,0.0,349.0,0.0,250.0,76.0,265.0,266.0,76.0,11.0,83.0,0.0,61.0,0.0,0.0,0.0,0.0,159.0,101.0,83.0,0.0,61.0,0.0,387.0,96.0,144.0,0.0,0.0,349.0,83.0,479.0,61.0,0.0,247.0,541.0,17.0,0.0,0.0,0.0,0.0,124.0,157.0,0.0,0.0,61.0,266.0,0.0,569.0,189.0,123.0,148.0,0.0,770.0
Katherine,0.0,387.0,0.0,0.0,148.0,148.0,0.0,0.0,0.0,0.0,325.0,72.0,0.0,0.0,0.0,148.0,0.0,0.0,0.0,0.0,0.0,0.0,0.0,0.0,7.0,0.0,0.0,0.0,195.0,0.0,387.0,0.0,0.0,0.0,203.0,195.0,148.0,0.0,239.0,0.0,12.0,239.0,239.0,0.0,0.0,0.0,0.0,0.0,116.0,0.0,0.0,0.0,0.0,148.0,0.0,239.0,0.0,123.0,148.0,0.0,564.0
Keeper,0.0,0.0,0.0,0.0,0.0,0.0,0.0,0.0,23.0,0.0,0.0,0.0,214.0,214.0,253.0,0.0,214.0,0.0,0.0,0.0,0.0,0.0,0.0,0.0,0.0,101.0,214.0,0.0,0.0,0.0,96.0,0.0,0.0,0.0,0.0,0.0,0.0,0.0,0.0,0.0,0.0,0.0,214.0,0.0,0.0,0.0,0.0,0.0,0.0,253.0,0.0,0.0,0.0,0.0,0.0,214.0,214.0,0.0,0.0,0.0,0.0
LADIES,86.0,101.0,0.0,144.0,0.0,0.0,0.0,0.0,0.0,0.0,0.0,0.0,134.0,0.0,86.0,0.0,0.0,0.0,86.0,0.0,144.0,0.0,0.0,0.0,0.0,83.0,0.0,86.0,0.0,144.0,144.0,0.0,0.0,0.0,0.0,0.0,86.0,86.0,137.0,61.0,0.0,0.0,86.0,0.0,0.0,0.0,0.0,0.0,0.0,101.0,0.0,11.0,137.0,0.0,0.0,86.0,0.0,0.0,0.0,0.0,101.0
LADIES.KATHERINE,0.0,0.0,0.0,0.0,0.0,0.0,0.0,0.0,0.0,0.0,177.0,0.0,0.0,0.0,0.0,0.0,0.0,0.0,0.0,0.0,0.0,0.0,0.0,0.0,7.0,0.0,0.0,0.0,0.0,0.0,0.0,203.0,0.0,0.0,0.0,0.0,0.0,0.0,0.0,0.0,0.0,0.0,0.0,0.0,0.0,0.0,0.0,0.0,0.0,0.0,0.0,0.0,0.0,0.0,0.0,0.0,0.0,0.0,0.0,0.0,177.0
LADIES.KATHERINE.Patience,0.0,0.0,0.0,0.0,0.0,0.0,0.0,0.0,0.0,0.0,0.0,72.0,0.0,0.0,0.0,0.0,0.0,0.0,0.0,0.0,0.0,0.0,0.0,0.0,0.0,0.0,0.0,0.0,195.0,0.0,0.0,195.0,0.0,0.0,0.0,0.0,0.0,0.0,0.0,0.0,12.0,0.0,0.0,0.0,0.0,0.0,0.0,0.0,0.0,0.0,0.0,0.0,0.0,0.0,0.0,0.0,0.0,0.0,0.0,0.0,0.0
LORDS,86.0,266.0,0.0,0.0,266.0,266.0,0.0,0.0,0.0,0.0,266.0,0.0,0.0,0.0,86.0,266.0,0.0,0.0,86.0,0.0,0.0,0.0,0.0,0.0,0.0,83.0,0.0,86.0,0.0,0.0,349.0,148.0,0.0,86.0,0.0,0.0,0.0,86.0,0.0,0.0,0.0,0.0,86.0,0.0,0.0,0.0,0.0,0.0,0.0,0.0,0.0,0.0,0.0,266.0,0.0,86.0,0.0,0.0,148.0,0.0,266.0
LordMayor,86.0,0.0,0.0,0.0,0.0,0.0,0.0,0.0,0.0,0.0,0.0,0.0,0.0,0.0,86.0,0.0,0.0,0.0,86.0,0.0,0.0,0.0,0.0,0.0,0.0,83.0,0.0,86.0,0.0,0.0,83.0,0.0,0.0,86.0,0.0,0.0,86.0,0.0,0.0,0.0,0.0,0.0,86.0,0.0,0.0,0.0,0.0,0.0,0.0,0.0,0.0,0.0,0.0,0.0,0.0,86.0,0.0,0.0,0.0,0.0,0.0
Lovell,0.0,461.0,0.0,137.0,0.0,0.0,0.0,86.0,0.0,86.0,0.0,0.0,313.0,0.0,3.0,0.0,0.0,11.0,0.0,0.0,137.0,86.0,86.0,0.0,0.0,86.0,66.0,0.0,0.0,137.0,479.0,239.0,0.0,137.0,0.0,0.0,0.0,0.0,0.0,61.0,0.0,247.0,352.0,23.0,66.0,0.0,0.0,0.0,124.0,101.0,0.0,11.0,289.0,0.0,0.0,380.0,113.0,123.0,0.0,86.0,461.0
MASKERS,0.0,61.0,0.0,61.0,0.0,0.0,0.0,0.0,0.0,0.0,0.0,0.0,61.0,0.0,0.0,0.0,0.0,0.0,0.0,0.0,61.0,0.0,0.0,0.0,0.0,0.0,0.0,0.0,0.0,61.0,61.0,0.0,0.0,61.0,0.0,0.0,0.0,0.0,61.0,0.0,0.0,0.0,0.0,0.0,0.0,0.0,0.0,0.0,0.0,61.0,0.0,0.0,61.0,0.0,0.0,0.0,0.0,0.0,0.0,0.0,61.0
Messenger,0.0,0.0,0.0,0.0,0.0,0.0,0.0,0.0,0.0,0.0,0.0,0.0,0.0,0.0,0.0,0.0,0.0,0.0,0.0,0.0,0.0,0.0,0.0,0.0,0.0,0.0,0.0,0.0,12.0,0.0,0.0,12.0,0.0,0.0,0.0,12.0,0.0,0.0,0.0,0.0,0.0,0.0,0.0,0.0,0.0,0.0,0.0,0.0,0.0,0.0,0.0,0.0,0.0,0.0,0.0,0.0,0.0,0.0,0.0,0.0,0.0
NOBLES,0.0,247.0,0.0,0.0,0.0,0.0,0.0,0.0,0.0,0.0,0.0,0.0,0.0,0.0,0.0,0.0,0.0,0.0,0.0,0.0,0.0,0.0,0.0,0.0,0.0,0.0,0.0,0.0,0.0,0.0,247.0,239.0,0.0,0.0,0.0,0.0,0.0,0.0,247.0,0.0,0.0,0.0,239.0,0.0,0.0,0.0,0.0,0.0,124.0,0.0,0.0,0.0,0.0,0.0,0.0,239.0,0.0,123.0,0.0,0.0,247.0
Norfolk,86.0,352.0,269.0,0.0,0.0,0.0,39.0,269.0,0.0,0.0,18.0,0.0,669.0,214.0,300.0,0.0,229.0,0.0,86.0,0.0,0.0,0.0,0.0,0.0,0.0,230.0,214.0,86.0,0.0,0.0,541.0,239.0,214.0,86.0,0.0,0.0,86.0,86.0,352.0,0.0,0.0,239.0,0.0,0.0,0.0,0.0,0.0,7.0,116.0,214.0,0.0,0.0,0.0,0.0,39.0,1024.0,606.0,123.0,0.0,0.0,558.0
OldLady,0.0,0.0,0.0,129.0,0.0,0.0,0.0,0.0,0.0,0.0,0.0,0.0,38.0,0.0,0.0,0.0,0.0,0.0,0.0,0.0,0.0,0.0,0.0,0.0,0.0,0.0,0.0,0.0,0.0,0.0,17.0,0.0,0.0,0.0,0.0,0.0,0.0,0.0,23.0,0.0,0.0,0.0,0.0,0.0,0.0,0.0,0.0,0.0,0.0,0.0,0.0,0.0,0.0,0.0,0.0,0.0,0.0,0.0,0.0,0.0,0.0
Page,0.0,0.0,0.0,0.0,0.0,0.0,0.0,0.0,0.0,0.0,0.0,0.0,0.0,0.0,0.0,0.0,0.0,0.0,0.0,0.0,0.0,0.0,0.0,0.0,0.0,0.0,66.0,0.0,0.0,0.0,0.0,0.0,0.0,0.0,0.0,0.0,0.0,0.0,66.0,0.0,0.0,0.0,0.0,0.0,0.0,0.0,0.0,0.0,0.0,0.0,0.0,0.0,0.0,0.0,0.0,0.0,0.0,0.0,0.0,0.0,0.0
Porter,0.0,0.0,0.0,0.0,0.0,0.0,0.0,0.0,0.0,0.0,0.0,0.0,29.0,0.0,0.0,0.0,0.0,0.0,0.0,0.0,0.0,0.0,0.0,0.0,0.0,0.0,0.0,0.0,0.0,0.0,0.0,0.0,0.0,0.0,0.0,0.0,0.0,0.0,0.0,0.0,0.0,0.0,0.0,0.0,0.0,0.0,0.0,0.0,0.0,0.0,97.0,0.0,0.0,0.0,0.0,0.0,0.0,0.0,0.0,0.0,0.0
Prologue,0.0,0.0,0.0,0.0,0.0,0.0,0.0,0.0,0.0,0.0,0.0,0.0,0.0,0.0,0.0,0.0,0.0,0.0,0.0,0.0,0.0,0.0,0.0,0.0,0.0,0.0,0.0,0.0,0.0,0.0,0.0,0.0,0.0,0.0,0.0,0.0,0.0,0.0,0.0,0.0,0.0,0.0,0.0,0.0,0.0,0.0,0.0,0.0,0.0,0.0,0.0,0.0,0.0,0.0,0.0,0.0,0.0,0.0,0.0,0.0,0.0
SECRETARIES,0.0,0.0,7.0,0.0,0.0,0.0,0.0,7.0,0.0,0.0,0.0,0.0,0.0,0.0,0.0,0.0,0.0,0.0,0.0,0.0,0.0,0.0,0.0,0.0,0.0,7.0,0.0,0.0,0.0,0.0,0.0,0.0,0.0,0.0,0.0,0.0,0.0,0.0,0.0,0.0,0.0,0.0,7.0,0.0,0.0,0.0,0.0,0.0,0.0,0.0,0.0,0.0,0.0,0.0,0.0,0.0,0.0,0.0,0.0,0.0,7.0
SECRETARIES.X.1,0.0,124.0,0.0,0.0,0.0,0.0,0.0,0.0,0.0,0.0,0.0,0.0,0.0,0.0,0.0,0.0,0.0,0.0,0.0,0.0,0.0,0.0,0.0,0.0,0.0,0.0,0.0,0.0,0.0,0.0,124.0,116.0,0.0,0.0,0.0,0.0,0.0,0.0,124.0,0.0,0.0,124.0,116.0,0.0,0.0,0.0,0.0,0.0,0.0,0.0,0.0,0.0,0.0,0.0,0.0,116.0,0.0,0.0,0.0,0.0,124.0
SERVANTS,0.0,101.0,0.0,101.0,0.0,0.0,0.0,0.0,23.0,0.0,0.0,0.0,312.0,214.0,258.0,0.0,214.0,0.0,0.0,0.0,101.0,0.0,0.0,0.0,0.0,101.0,214.0,0.0,0.0,101.0,157.0,0.0,253.0,101.0,0.0,0.0,0.0,0.0,101.0,61.0,0.0,0.0,214.0,0.0,0.0,0.0,0.0,0.0,0.0,0.0,0.0,11.0,101.0,0.0,0.0,214.0,214.0,0.0,0.0,0.0,101.0
SERVANTS.PORTER.1,0.0,0.0,0.0,0.0,0.0,0.0,0.0,0.0,0.0,0.0,0.0,0.0,29.0,0.0,0.0,0.0,0.0,0.0,0.0,0.0,0.0,0.0,0.0,0.0,0.0,0.0,0.0,0.0,0.0,0.0,0.0,0.0,0.0,0.0,0.0,0.0,0.0,0.0,0.0,0.0,0.0,0.0,0.0,0.0,0.0,97.0,0.0,0.0,0.0,0.0,0.0,0.0,0.0,0.0,0.0,0.0,0.0,0.0,0.0,0.0,0.0
SERVANTS.X.1,0.0,11.0,0.0,11.0,0.0,0.0,0.0,0.0,0.0,0.0,0.0,0.0,11.0,0.0,0.0,0.0,0.0,0.0,0.0,0.0,11.0,0.0,0.0,0.0,0.0,0.0,0.0,0.0,0.0,11.0,0.0,0.0,0.0,11.0,0.0,0.0,0.0,0.0,11.0,0.0,0.0,0.0,0.0,0.0,0.0,0.0,0.0,0.0,0.0,11.0,0.0,0.0,11.0,0.0,0.0,0.0,0.0,0.0,0.0,0.0,11.0
Sands,0.0,101.0,0.0,137.0,0.0,0.0,0.0,86.0,0.0,86.0,0.0,0.0,218.0,0.0,0.0,0.0,0.0,0.0,0.0,0.0,137.0,86.0,86.0,0.0,0.0,86.0,0.0,0.0,0.0,137.0,61.0,0.0,0.0,137.0,0.0,0.0,0.0,0.0,289.0,61.0,0.0,0.0,0.0,0.0,0.0,0.0,0.0,0.0,0.0,101.0,0.0,11.0,0.0,0.0,0.0,0.0,0.0,0.0,0.0,86.0,101.0
Scribe,0.0,266.0,0.0,0.0,266.0,266.0,0.0,0.0,0.0,0.0,266.0,0.0,0.0,0.0,0.0,266.0,0.0,0.0,0.0,0.0,0.0,0.0,0.0,0.0,0.0,0.0,0.0,0.0,0.0,0.0,266.0,148.0,0.0,0.0,0.0,0.0,266.0,0.0,0.0,0.0,0.0,0.0,0.0,0.0,0.0,0.0,0.0,0.0,0.0,0.0,0.0,0.0,0.0,0.0,0.0,0.0,0.0,0.0,148.0,0.0,266.0
Sergeant,0.0,0.0,39.0,0.0,0.0,0.0,39.0,39.0,0.0,0.0,0.0,0.0,0.0,0.0,0.0,0.0,0.0,0.0,0.0,0.0,0.0,0.0,0.0,0.0,0.0,39.0,0.0,0.0,0.0,0.0,0.0,0.0,0.0,0.0,0.0,0.0,0.0,0.0,0.0,0.0,0.0,0.0,39.0,0.0,0.0,0.0,0.0,0.0,0.0,0.0,0.0,0.0,0.0,0.0,0.0,0.0,0.0,0.0,0.0,0.0,0.0
Suffolk,86.0,352.0,0.0,0.0,0.0,0.0,0.0,0.0,0.0,0.0,18.0,0.0,669.0,214.0,300.0,0.0,229.0,0.0,86.0,0.0,0.0,0.0,0.0,0.0,0.0,184.0,214.0,86.0,0.0,0.0,569.0,239.0,214.0,86.0,0.0,0.0,86.0,86.0,380.0,0.0,0.0,239.0,1024.0,0.0,0.0,0.0,0.0,0.0,116.0,214.0,0.0,0.0,0.0,0.0,0.0,0.0,606.0,123.0,0.0,0.0,551.0
Surrey,0.0,113.0,0.0,0.0,0.0,0.0,0.0,0.0,0.0,0.0,0.0,0.0,606.0,214.0,214.0,0.0,229.0,0.0,0.0,0.0,0.0,0.0,0.0,0.0,0.0,101.0,214.0,0.0,0.0,0.0,189.0,0.0,214.0,0.0,0.0,0.0,0.0,0.0,113.0,0.0,0.0,0.0,606.0,0.0,0.0,0.0,0.0,0.0,0.0,214.0,0.0,0.0,0.0,0.0,0.0,606.0,0.0,0.0,0.0,0.0,294.0
Surveyor,0.0,123.0,0.0,0.0,0.0,0.0,0.0,0.0,0.0,0.0,0.0,0.0,0.0,0.0,0.0,0.0,0.0,0.0,0.0,0.0,0.0,0.0,0.0,0.0,0.0,0.0,0.0,0.0,0.0,0.0,123.0,123.0,0.0,0.0,0.0,0.0,0.0,0.0,123.0,0.0,0.0,123.0,123.0,0.0,0.0,0.0,0.0,0.0,0.0,0.0,0.0,0.0,0.0,0.0,0.0,123.0,0.0,0.0,0.0,0.0,123.0
Usher,0.0,148.0,0.0,0.0,148.0,148.0,0.0,0.0,0.0,0.0,148.0,0.0,0.0,0.0,0.0,148.0,0.0,0.0,0.0,0.0,0.0,0.0,0.0,0.0,0.0,0.0,0.0,0.0,0.0,0.0,148.0,148.0,0.0,0.0,0.0,0.0,148.0,0.0,0.0,0.0,0.0,0.0,0.0,0.0,0.0,0.0,0.0,0.0,0.0,0.0,0.0,0.0,0.0,148.0,0.0,0.0,0.0,0.0,0.0,0.0,148.0
Vaux,0.0,0.0,0.0,0.0,0.0,0.0,0.0,86.0,0.0,86.0,0.0,0.0,0.0,0.0,0.0,0.0,0.0,0.0,0.0,0.0,0.0,86.0,86.0,0.0,0.0,86.0,0.0,0.0,0.0,0.0,0.0,0.0,0.0,0.0,0.0,0.0,0.0,0.0,86.0,0.0,0.0,0.0,0.0,0.0,0.0,0.0,0.0,0.0,0.0,0.0,0.0,0.0,86.0,0.0,0.0,0.0,0.0,0.0,0.0,0.0,0.0
Wolsey,0.0,727.0,7.0,101.0,266.0,266.0,0.0,7.0,0.0,0.0,526.0,0.0,392.0,0.0,0.0,266.0,114.0,0.0,0.0,0.0,101.0,0.0,0.0,0.0,0.0,7.0,25.0,0.0,0.0,101.0,770.0,564.0,0.0,101.0,177.0,0.0,266.0,0.0,461.0,61.0,0.0,247.0,558.0,0.0,0.0,0.0,0.0,7.0,124.0,101.0,0.0,11.0,101.0,266.0,0.0,551.0,294.0,123.0,148.0,0.0,0.0
