,ALDERMEN,ATTENDANTS.EDWARD,ATTENDANTS.EDWARD.1,Bourbon,Clarence,Clifford,EdwardIV,EdwardV.Infant,Exeter,Father,GAMEKEEPERS.1,GAMEKEEPERS.2,Hastings,HenryVI,HenryVII,HughMortimer,Huntsman,JohnMortimer,KingLewis,LadyBona,Lieutenant,MESSENGERS.1,MESSENGERS.2,MESSENGERS.Post,MESSENGERS.X.1,MESSENGERS.X.2,MESSENGERS.X.3,MESSENGERS.X.4,MESSENGERS.X.5,MayorOfCoventry,MayorOfYork,Montague,Montgomery,Norfolk,Northumberland,Nurse,Oxford,Pembroke,PrinceEdward,QueenElizabeth,QueenMargaret,RichardIII,Rivers,Rutland,SOLDIERS.CLARENCE,SOLDIERS.FRENCH,SOLDIERS.LANCASTER,SOLDIERS.MONTAGUE,SOLDIERS.MONTGOMERY,SOLDIERS.OXFORD,SOLDIERS.SOMERSET,SOLDIERS.WARWICK,SOLDIERS.YORK,SOLDIERS.YORK.0.2,Somerset,Somerville,Son,Stafford,Stanley,Tutor,WATCHMEN.1,WATCHMEN.2,WATCHMEN.3,Warwick,Westmorland,York
ALDERMEN,0.0,0.0,0.0,0.0,0.0,0.0,67.0,0.0,0.0,0.0,0.0,0.0,67.0,0.0,0.0,0.0,0.0,0.0,0.0,0.0,0.0,0.0,0.0,0.0,0.0,0.0,0.0,0.0,0.0,0.0,67.0,0.0,49.0,0.0,0.0,0.0,0.0,0.0,0.0,0.0,0.0,67.0,0.0,0.0,0.0,0.0,0.0,0.0,49.0,0.0,0.0,0.0,67.0,0.0,0.0,0.0,0.0,0.0,0.0,0.0,0.0,0.0,0.0,0.0,0.0,0.0
ATTENDANTS.EDWARD,0.0,0.0,3.0,0.0,291.0,0.0,316.0,47.0,0.0,0.0,0.0,0.0,191.0,0.0,0.0,0.0,0.0,0.0,0.0,0.0,0.0,0.0,0.0,68.0,0.0,0.0,0.0,0.0,0.0,0.0,0.0,144.0,0.0,0.0,0.0,47.0,0.0,128.0,0.0,316.0,0.0,316.0,0.0,0.0,0.0,0.0,0.0,0.0,0.0,0.0,0.0,0.0,0.0,47.0,119.0,0.0,0.0,128.0,0.0,0.0,0.0,0.0,0.0,0.0,0.0,0.0
ATTENDANTS.EDWARD.1,0.0,3.0,0.0,0.0,3.0,0.0,3.0,0.0,0.0,0.0,0.0,0.0,0.0,0.0,0.0,0.0,0.0,0.0,0.0,0.0,0.0,0.0,0.0,0.0,0.0,0.0,0.0,0.0,0.0,0.0,0.0,0.0,0.0,0.0,0.0,0.0,0.0,0.0,0.0,3.0,0.0,3.0,0.0,0.0,0.0,0.0,0.0,0.0,0.0,0.0,0.0,0.0,0.0,0.0,0.0,0.0,0.0,0.0,0.0,0.0,0.0,0.0,0.0,0.0,0.0,0.0
Bourbon,0.0,0.0,0.0,0.0,0.0,0.0,0.0,0.0,0.0,0.0,0.0,0.0,0.0,0.0,0.0,0.0,0.0,0.0,266.0,266.0,0.0,0.0,0.0,73.0,0.0,0.0,0.0,0.0,0.0,0.0,0.0,0.0,0.0,0.0,0.0,0.0,266.0,0.0,266.0,0.0,266.0,0.0,0.0,0.0,0.0,0.0,0.0,0.0,0.0,0.0,0.0,0.0,0.0,0.0,0.0,0.0,0.0,0.0,0.0,0.0,0.0,0.0,0.0,221.0,0.0,0.0
Clarence,0.0,291.0,3.0,0.0,0.0,182.0,726.0,47.0,32.0,0.0,0.0,0.0,166.0,222.0,90.0,0.0,0.0,0.0,0.0,0.0,90.0,0.0,0.0,55.0,0.0,0.0,0.0,0.0,0.0,38.0,0.0,431.0,0.0,100.0,100.0,47.0,256.0,119.0,189.0,291.0,200.0,652.0,0.0,0.0,38.0,67.0,16.0,0.0,0.0,0.0,0.0,0.0,344.0,128.0,308.0,38.0,0.0,119.0,0.0,0.0,5.0,5.0,5.0,462.0,0.0,0.0
Clifford,0.0,0.0,0.0,0.0,182.0,0.0,325.0,0.0,143.0,0.0,0.0,0.0,0.0,324.0,0.0,0.0,0.0,0.0,0.0,0.0,0.0,0.0,0.0,0.0,0.0,0.0,0.0,6.0,0.0,0.0,0.0,325.0,0.0,243.0,484.0,0.0,0.0,0.0,341.0,0.0,341.0,336.0,0.0,52.0,0.0,0.0,355.0,0.0,0.0,0.0,0.0,0.0,201.0,0.0,0.0,0.0,0.0,0.0,0.0,8.0,0.0,0.0,0.0,325.0,143.0,303.0
EdwardIV,67.0,316.0,3.0,0.0,726.0,325.0,0.0,47.0,171.0,0.0,0.0,0.0,297.0,271.0,0.0,14.0,18.0,14.0,0.0,0.0,0.0,0.0,0.0,68.0,5.0,25.0,5.0,0.0,0.0,99.0,67.0,720.0,49.0,314.0,243.0,47.0,108.0,128.0,189.0,316.0,200.0,1350.0,0.0,0.0,38.0,34.0,159.0,3.0,49.0,2.0,4.0,115.0,810.0,128.0,181.0,99.0,0.0,128.0,18.0,0.0,0.0,0.0,0.0,698.0,143.0,287.0
EdwardV.Infant,0.0,47.0,0.0,0.0,47.0,0.0,47.0,0.0,0.0,0.0,0.0,0.0,47.0,0.0,0.0,0.0,0.0,0.0,0.0,0.0,0.0,0.0,0.0,0.0,0.0,0.0,0.0,0.0,0.0,0.0,0.0,0.0,0.0,0.0,0.0,47.0,0.0,0.0,0.0,47.0,0.0,47.0,0.0,0.0,0.0,0.0,0.0,0.0,0.0,0.0,0.0,0.0,0.0,47.0,0.0,0.0,0.0,0.0,0.0,0.0,0.0,0.0,0.0,0.0,0.0,0.0
Exeter,0.0,0.0,0.0,0.0,32.0,143.0,171.0,0.0,0.0,0.0,0.0,0.0,0.0,304.0,0.0,0.0,0.0,0.0,0.0,0.0,0.0,0.0,0.0,0.0,0.0,0.0,0.0,0.0,0.0,0.0,0.0,197.0,0.0,165.0,143.0,0.0,32.0,0.0,71.0,0.0,71.0,171.0,0.0,0.0,0.0,0.0,143.0,0.0,0.0,0.0,0.0,0.0,47.0,0.0,0.0,0.0,0.0,0.0,0.0,0.0,0.0,0.0,0.0,197.0,143.0,165.0
Father,0.0,0.0,0.0,0.0,0.0,0.0,0.0,0.0,0.0,0.0,0.0,0.0,0.0,44.0,0.0,0.0,0.0,0.0,0.0,0.0,0.0,0.0,0.0,0.0,0.0,0.0,0.0,0.0,0.0,0.0,0.0,0.0,0.0,0.0,0.0,0.0,0.0,0.0,0.0,0.0,0.0,0.0,0.0,0.0,0.0,0.0,0.0,0.0,0.0,0.0,0.0,0.0,0.0,0.0,0.0,0.0,35.0,0.0,0.0,0.0,0.0,0.0,0.0,0.0,0.0,0.0
GAMEKEEPERS.1,0.0,0.0,0.0,0.0,0.0,0.0,0.0,0.0,0.0,0.0,0.0,100.0,0.0,88.0,0.0,0.0,0.0,0.0,0.0,0.0,0.0,0.0,0.0,0.0,0.0,0.0,0.0,0.0,0.0,0.0,0.0,0.0,0.0,0.0,0.0,0.0,0.0,0.0,0.0,0.0,0.0,0.0,0.0,0.0,0.0,0.0,0.0,0.0,0.0,0.0,0.0,0.0,0.0,0.0,0.0,0.0,0.0,0.0,0.0,0.0,0.0,0.0,0.0,0.0,0.0,0.0
GAMEKEEPERS.2,0.0,0.0,0.0,0.0,0.0,0.0,0.0,0.0,0.0,0.0,100.0,0.0,0.0,88.0,0.0,0.0,0.0,0.0,0.0,0.0,0.0,0.0,0.0,0.0,0.0,0.0,0.0,0.0,0.0,0.0,0.0,0.0,0.0,0.0,0.0,0.0,0.0,0.0,0.0,0.0,0.0,0.0,0.0,0.0,0.0,0.0,0.0,0.0,0.0,0.0,0.0,0.0,0.0,0.0,0.0,0.0,0.0,0.0,0.0,0.0,0.0,0.0,0.0,0.0,0.0,0.0
Hastings,67.0,191.0,0.0,0.0,166.0,0.0,297.0,47.0,0.0,0.0,0.0,0.0,0.0,0.0,0.0,0.0,18.0,0.0,0.0,0.0,0.0,0.0,0.0,68.0,0.0,0.0,0.0,0.0,0.0,0.0,67.0,144.0,49.0,0.0,0.0,47.0,0.0,128.0,0.0,191.0,0.0,310.0,0.0,0.0,0.0,0.0,0.0,0.0,49.0,0.0,0.0,0.0,119.0,47.0,119.0,0.0,0.0,128.0,31.0,0.0,0.0,0.0,0.0,0.0,0.0,0.0
HenryVI,0.0,0.0,0.0,0.0,222.0,324.0,271.0,0.0,304.0,44.0,88.0,88.0,0.0,0.0,90.0,0.0,0.0,0.0,0.0,0.0,96.0,0.0,0.0,12.0,0.0,0.0,0.0,6.0,0.0,0.0,0.0,387.0,0.0,265.0,324.0,0.0,122.0,0.0,252.0,0.0,252.0,365.0,0.0,0.0,0.0,0.0,143.0,0.0,0.0,0.0,0.0,0.0,147.0,94.0,90.0,0.0,59.0,0.0,0.0,0.0,0.0,0.0,0.0,387.0,143.0,165.0
HenryVII,0.0,0.0,0.0,0.0,90.0,0.0,0.0,0.0,0.0,0.0,0.0,0.0,0.0,90.0,0.0,0.0,0.0,0.0,0.0,0.0,90.0,0.0,0.0,12.0,0.0,0.0,0.0,0.0,0.0,0.0,0.0,90.0,0.0,0.0,0.0,0.0,105.0,0.0,0.0,0.0,0.0,0.0,0.0,0.0,0.0,0.0,0.0,0.0,0.0,0.0,0.0,0.0,0.0,0.0,105.0,0.0,0.0,0.0,0.0,0.0,0.0,0.0,0.0,90.0,0.0,0.0
HughMortimer,0.0,0.0,0.0,0.0,0.0,0.0,14.0,0.0,0.0,0.0,0.0,0.0,0.0,0.0,0.0,0.0,0.0,14.0,0.0,0.0,0.0,0.0,0.0,0.0,0.0,0.0,0.0,0.0,0.0,0.0,0.0,0.0,0.0,0.0,0.0,0.0,0.0,0.0,0.0,0.0,0.0,14.0,0.0,0.0,0.0,0.0,0.0,0.0,0.0,0.0,0.0,0.0,0.0,0.0,0.0,0.0,0.0,0.0,0.0,0.0,0.0,0.0,0.0,0.0,0.0,14.0
Huntsman,0.0,0.0,0.0,0.0,0.0,0.0,18.0,0.0,0.0,0.0,0.0,0.0,18.0,0.0,0.0,0.0,0.0,0.0,0.0,0.0,0.0,0.0,0.0,0.0,0.0,0.0,0.0,0.0,0.0,0.0,0.0,0.0,0.0,0.0,0.0,0.0,0.0,0.0,0.0,0.0,0.0,18.0,0.0,0.0,0.0,0.0,0.0,0.0,0.0,0.0,0.0,0.0,18.0,0.0,0.0,0.0,0.0,0.0,18.0,0.0,0.0,0.0,0.0,0.0,0.0,0.0
JohnMortimer,0.0,0.0,0.0,0.0,0.0,0.0,14.0,0.0,0.0,0.0,0.0,0.0,0.0,0.0,0.0,14.0,0.0,0.0,0.0,0.0,0.0,0.0,0.0,0.0,0.0,0.0,0.0,0.0,0.0,0.0,0.0,0.0,0.0,0.0,0.0,0.0,0.0,0.0,0.0,0.0,0.0,14.0,0.0,0.0,0.0,0.0,0.0,0.0,0.0,0.0,0.0,0.0,0.0,0.0,0.0,0.0,0.0,0.0,0.0,0.0,0.0,0.0,0.0,0.0,0.0,14.0
KingLewis,0.0,0.0,0.0,266.0,0.0,0.0,0.0,0.0,0.0,0.0,0.0,0.0,0.0,0.0,0.0,0.0,0.0,0.0,0.0,266.0,0.0,0.0,0.0,73.0,0.0,0.0,0.0,0.0,0.0,0.0,0.0,0.0,0.0,0.0,0.0,0.0,266.0,0.0,266.0,0.0,266.0,0.0,0.0,0.0,0.0,0.0,0.0,0.0,0.0,0.0,0.0,0.0,0.0,0.0,0.0,0.0,0.0,0.0,0.0,0.0,0.0,0.0,0.0,221.0,0.0,0.0
LadyBona,0.0,0.0,0.0,266.0,0.0,0.0,0.0,0.0,0.0,0.0,0.0,0.0,0.0,0.0,0.0,0.0,0.0,0.0,266.0,0.0,0.0,0.0,0.0,73.0,0.0,0.0,0.0,0.0,0.0,0.0,0.0,0.0,0.0,0.0,0.0,0.0,266.0,0.0,266.0,0.0,266.0,0.0,0.0,0.0,0.0,0.0,0.0,0.0,0.0,0.0,0.0,0.0,0.0,0.0,0.0,0.0,0.0,0.0,0.0,0.0,0.0,0.0,0.0,221.0,0.0,0.0
Lieutenant,0.0,0.0,0.0,0.0,90.0,0.0,0.0,0.0,0.0,0.0,0.0,0.0,0.0,96.0,90.0,0.0,0.0,0.0,0.0,0.0,0.0,0.0,0.0,12.0,0.0,0.0,0.0,0.0,0.0,0.0,0.0,90.0,0.0,0.0,0.0,0.0,90.0,0.0,0.0,0.0,0.0,6.0,0.0,0.0,0.0,0.0,0.0,0.0,0.0,0.0,0.0,0.0,0.0,6.0,90.0,0.0,0.0,0.0,0.0,0.0,0.0,0.0,0.0,90.0,0.0,0.0
MESSENGERS.1,0.0,0.0,0.0,0.0,0.0,0.0,0.0,0.0,0.0,0.0,0.0,0.0,0.0,0.0,0.0,0.0,0.0,0.0,0.0,0.0,0.0,0.0,3.0,0.0,0.0,0.0,0.0,0.0,0.0,3.0,0.0,0.0,0.0,0.0,0.0,0.0,0.0,0.0,0.0,0.0,0.0,0.0,0.0,0.0,0.0,0.0,0.0,0.0,0.0,0.0,0.0,0.0,0.0,0.0,0.0,0.0,0.0,0.0,0.0,0.0,0.0,0.0,0.0,3.0,0.0,0.0
MESSENGERS.2,0.0,0.0,0.0,0.0,0.0,0.0,0.0,0.0,0.0,0.0,0.0,0.0,0.0,0.0,0.0,0.0,0.0,0.0,0.0,0.0,0.0,3.0,0.0,0.0,0.0,0.0,0.0,0.0,0.0,6.0,0.0,0.0,0.0,0.0,0.0,0.0,0.0,0.0,0.0,0.0,0.0,0.0,0.0,0.0,0.0,0.0,0.0,0.0,0.0,0.0,0.0,0.0,0.0,0.0,0.0,0.0,0.0,0.0,0.0,0.0,0.0,0.0,0.0,6.0,0.0,0.0
MESSENGERS.Post,0.0,68.0,0.0,73.0,55.0,0.0,68.0,0.0,0.0,0.0,0.0,0.0,68.0,12.0,12.0,0.0,0.0,0.0,73.0,73.0,12.0,0.0,0.0,0.0,0.0,0.0,0.0,0.0,0.0,0.0,0.0,80.0,0.0,0.0,0.0,0.0,85.0,52.0,73.0,68.0,73.0,68.0,0.0,0.0,0.0,0.0,0.0,0.0,0.0,0.0,0.0,0.0,0.0,0.0,55.0,0.0,0.0,52.0,0.0,0.0,0.0,0.0,0.0,85.0,0.0,0.0
MESSENGERS.X.1,0.0,0.0,0.0,0.0,0.0,0.0,5.0,0.0,0.0,0.0,0.0,0.0,0.0,0.0,0.0,0.0,0.0,0.0,0.0,0.0,0.0,0.0,0.0,0.0,0.0,0.0,0.0,0.0,0.0,0.0,0.0,5.0,0.0,0.0,0.0,0.0,0.0,0.0,0.0,0.0,0.0,5.0,0.0,0.0,0.0,0.0,0.0,0.0,0.0,0.0,0.0,0.0,0.0,0.0,0.0,0.0,0.0,0.0,0.0,0.0,0.0,0.0,0.0,0.0,0.0,5.0
MESSENGERS.X.2,0.0,0.0,0.0,0.0,0.0,0.0,25.0,0.0,0.0,0.0,0.0,0.0,0.0,0.0,0.0,0.0,0.0,0.0,0.0,0.0,0.0,0.0,0.0,0.0,0.0,0.0,0.0,0.0,0.0,0.0,0.0,0.0,0.0,0.0,0.0,0.0,0.0,0.0,0.0,0.0,0.0,25.0,0.0,0.0,0.0,0.0,0.0,0.0,0.0,0.0,0.0,0.0,25.0,0.0,0.0,0.0,0.0,0.0,0.0,0.0,0.0,0.0,0.0,0.0,0.0,0.0
MESSENGERS.X.3,0.0,0.0,0.0,0.0,0.0,0.0,5.0,0.0,0.0,0.0,0.0,0.0,0.0,0.0,0.0,0.0,0.0,0.0,0.0,0.0,0.0,0.0,0.0,0.0,0.0,0.0,0.0,0.0,0.0,0.0,0.0,5.0,0.0,0.0,0.0,0.0,0.0,0.0,0.0,0.0,0.0,5.0,0.0,0.0,0.0,0.0,0.0,0.0,0.0,0.0,0.0,5.0,5.0,0.0,0.0,0.0,0.0,0.0,0.0,0.0,0.0,0.0,0.0,5.0,0.0,0.0
MESSENGERS.X.4,0.0,0.0,0.0,0.0,0.0,6.0,0.0,0.0,0.0,0.0,0.0,0.0,0.0,6.0,0.0,0.0,0.0,0.0,0.0,0.0,0.0,0.0,0.0,0.0,0.0,0.0,0.0,0.0,0.0,0.0,0.0,0.0,0.0,0.0,6.0,0.0,0.0,0.0,6.0,0.0,6.0,0.0,0.0,0.0,0.0,0.0,0.0,0.0,0.0,0.0,0.0,0.0,0.0,0.0,0.0,0.0,0.0,0.0,0.0,0.0,0.0,0.0,0.0,0.0,0.0,0.0
MESSENGERS.X.5,0.0,0.0,0.0,0.0,0.0,0.0,0.0,0.0,0.0,0.0,0.0,0.0,0.0,0.0,0.0,0.0,0.0,0.0,0.0,0.0,0.0,0.0,0.0,0.0,0.0,0.0,0.0,0.0,0.0,0.0,0.0,0.0,0.0,0.0,0.0,0.0,2.0,0.0,2.0,0.0,2.0,0.0,0.0,0.0,0.0,0.0,2.0,0.0,0.0,0.0,0.0,0.0,0.0,0.0,2.0,0.0,0.0,0.0,0.0,0.0,0.0,0.0,0.0,0.0,0.0,0.0
MayorOfCoventry,0.0,0.0,0.0,0.0,38.0,0.0,99.0,0.0,0.0,0.0,0.0,0.0,0.0,0.0,0.0,0.0,0.0,0.0,0.0,0.0,0.0,3.0,6.0,0.0,0.0,0.0,0.0,0.0,0.0,0.0,0.0,3.0,0.0,0.0,0.0,0.0,50.0,0.0,0.0,0.0,0.0,99.0,0.0,0.0,38.0,0.0,0.0,3.0,0.0,2.0,4.0,0.0,99.0,0.0,4.0,108.0,0.0,0.0,0.0,0.0,0.0,0.0,0.0,113.0,0.0,0.0
MayorOfYork,67.0,0.0,0.0,0.0,0.0,0.0,67.0,0.0,0.0,0.0,0.0,0.0,67.0,0.0,0.0,0.0,0.0,0.0,0.0,0.0,0.0,0.0,0.0,0.0,0.0,0.0,0.0,0.0,0.0,0.0,0.0,0.0,49.0,0.0,0.0,0.0,0.0,0.0,0.0,0.0,0.0,67.0,0.0,0.0,0.0,0.0,0.0,0.0,49.0,0.0,0.0,0.0,67.0,0.0,0.0,0.0,0.0,0.0,0.0,0.0,0.0,0.0,0.0,0.0,0.0,0.0
Montague,0.0,144.0,0.0,0.0,431.0,325.0,720.0,0.0,197.0,0.0,0.0,0.0,144.0,387.0,90.0,0.0,0.0,0.0,0.0,0.0,90.0,0.0,0.0,80.0,5.0,0.0,5.0,0.0,0.0,3.0,0.0,0.0,0.0,314.0,243.0,0.0,125.0,128.0,100.0,144.0,100.0,728.0,0.0,0.0,0.0,0.0,143.0,3.0,0.0,0.0,0.0,115.0,375.0,0.0,217.0,3.0,0.0,128.0,0.0,0.0,0.0,0.0,0.0,636.0,143.0,273.0
Montgomery,49.0,0.0,0.0,0.0,0.0,0.0,49.0,0.0,0.0,0.0,0.0,0.0,49.0,0.0,0.0,0.0,0.0,0.0,0.0,0.0,0.0,0.0,0.0,0.0,0.0,0.0,0.0,0.0,0.0,0.0,49.0,0.0,0.0,0.0,0.0,0.0,0.0,0.0,0.0,0.0,0.0,49.0,0.0,0.0,0.0,0.0,0.0,0.0,49.0,0.0,0.0,0.0,49.0,0.0,0.0,0.0,0.0,0.0,0.0,0.0,0.0,0.0,0.0,0.0,0.0,0.0
Norfolk,0.0,0.0,0.0,0.0,100.0,243.0,314.0,0.0,165.0,0.0,0.0,0.0,0.0,265.0,0.0,0.0,0.0,0.0,0.0,0.0,0.0,0.0,0.0,0.0,0.0,0.0,0.0,0.0,0.0,0.0,0.0,314.0,0.0,0.0,243.0,0.0,0.0,0.0,100.0,0.0,100.0,314.0,0.0,0.0,0.0,0.0,143.0,0.0,0.0,0.0,0.0,0.0,175.0,0.0,0.0,0.0,0.0,0.0,0.0,0.0,0.0,0.0,0.0,314.0,143.0,214.0
Northumberland,0.0,0.0,0.0,0.0,100.0,484.0,243.0,0.0,143.0,0.0,0.0,0.0,0.0,324.0,0.0,0.0,0.0,0.0,0.0,0.0,0.0,0.0,0.0,0.0,0.0,0.0,0.0,6.0,0.0,0.0,0.0,243.0,0.0,243.0,0.0,0.0,0.0,0.0,341.0,0.0,341.0,243.0,0.0,0.0,0.0,0.0,303.0,0.0,0.0,0.0,0.0,0.0,119.0,0.0,0.0,0.0,0.0,0.0,0.0,0.0,0.0,0.0,0.0,243.0,143.0,303.0
Nurse,0.0,47.0,0.0,0.0,47.0,0.0,47.0,47.0,0.0,0.0,0.0,0.0,47.0,0.0,0.0,0.0,0.0,0.0,0.0,0.0,0.0,0.0,0.0,0.0,0.0,0.0,0.0,0.0,0.0,0.0,0.0,0.0,0.0,0.0,0.0,0.0,0.0,0.0,0.0,47.0,0.0,47.0,0.0,0.0,0.0,0.0,0.0,0.0,0.0,0.0,0.0,0.0,0.0,47.0,0.0,0.0,0.0,0.0,0.0,0.0,0.0,0.0,0.0,0.0,0.0,0.0
Oxford,0.0,0.0,0.0,266.0,256.0,0.0,108.0,0.0,32.0,0.0,0.0,0.0,0.0,122.0,105.0,0.0,0.0,0.0,266.0,266.0,90.0,0.0,0.0,85.0,0.0,0.0,0.0,0.0,2.0,50.0,0.0,125.0,0.0,0.0,0.0,0.0,0.0,0.0,348.0,0.0,356.0,74.0,0.0,0.0,38.0,69.0,82.0,3.0,0.0,2.0,4.0,0.0,74.0,0.0,289.0,50.0,0.0,0.0,0.0,0.0,5.0,5.0,5.0,489.0,0.0,0.0
Pembroke,0.0,128.0,0.0,0.0,119.0,0.0,128.0,0.0,0.0,0.0,0.0,0.0,128.0,0.0,0.0,0.0,0.0,0.0,0.0,0.0,0.0,0.0,0.0,52.0,0.0,0.0,0.0,0.0,0.0,0.0,0.0,128.0,0.0,0.0,0.0,0.0,0.0,0.0,0.0,128.0,0.0,128.0,0.0,0.0,0.0,0.0,0.0,0.0,0.0,0.0,0.0,0.0,0.0,0.0,119.0,0.0,0.0,128.0,0.0,0.0,0.0,0.0,0.0,0.0,0.0,0.0
PrinceEdward,0.0,0.0,0.0,266.0,189.0,341.0,189.0,0.0,71.0,0.0,0.0,0.0,0.0,252.0,0.0,0.0,0.0,0.0,266.0,266.0,0.0,0.0,0.0,73.0,0.0,0.0,0.0,6.0,2.0,0.0,0.0,100.0,0.0,100.0,341.0,0.0,348.0,0.0,0.0,0.0,833.0,155.0,0.0,0.0,0.0,0.0,242.0,0.0,0.0,0.0,0.0,0.0,189.0,73.0,82.0,0.0,0.0,0.0,0.0,0.0,0.0,0.0,0.0,321.0,0.0,160.0
QueenElizabeth,0.0,316.0,3.0,0.0,291.0,0.0,316.0,47.0,0.0,0.0,0.0,0.0,191.0,0.0,0.0,0.0,0.0,0.0,0.0,0.0,0.0,0.0,0.0,68.0,0.0,0.0,0.0,0.0,0.0,0.0,0.0,144.0,0.0,0.0,0.0,47.0,0.0,128.0,0.0,0.0,0.0,316.0,36.0,0.0,0.0,0.0,0.0,0.0,0.0,0.0,0.0,0.0,0.0,47.0,119.0,0.0,0.0,128.0,0.0,0.0,0.0,0.0,0.0,0.0,0.0,0.0
QueenMargaret,0.0,0.0,0.0,266.0,200.0,341.0,200.0,0.0,71.0,0.0,0.0,0.0,0.0,252.0,0.0,0.0,0.0,0.0,266.0,266.0,0.0,0.0,0.0,73.0,0.0,0.0,0.0,6.0,2.0,0.0,0.0,100.0,0.0,100.0,341.0,0.0,356.0,0.0,833.0,0.0,0.0,166.0,0.0,0.0,0.0,0.0,242.0,0.0,0.0,0.0,0.0,0.0,200.0,73.0,90.0,0.0,0.0,0.0,0.0,0.0,0.0,0.0,0.0,321.0,0.0,160.0
RichardIII,67.0,316.0,3.0,0.0,652.0,336.0,1350.0,47.0,171.0,0.0,0.0,0.0,310.0,365.0,0.0,14.0,18.0,14.0,0.0,0.0,6.0,0.0,0.0,68.0,5.0,25.0,5.0,0.0,0.0,99.0,67.0,728.0,49.0,314.0,243.0,47.0,74.0,128.0,155.0,316.0,166.0,0.0,0.0,0.0,38.0,0.0,159.0,3.0,49.0,2.0,4.0,115.0,789.0,180.0,155.0,99.0,0.0,128.0,31.0,0.0,0.0,0.0,0.0,654.0,143.0,287.0
Rivers,0.0,0.0,0.0,0.0,0.0,0.0,0.0,0.0,0.0,0.0,0.0,0.0,0.0,0.0,0.0,0.0,0.0,0.0,0.0,0.0,0.0,0.0,0.0,0.0,0.0,0.0,0.0,0.0,0.0,0.0,0.0,0.0,0.0,0.0,0.0,0.0,0.0,0.0,0.0,36.0,0.0,0.0,0.0,0.0,0.0,0.0,0.0,0.0,0.0,0.0,0.0,0.0,0.0,0.0,0.0,0.0,0.0,0.0,0.0,0.0,0.0,0.0,0.0,0.0,0.0,0.0
Rutland,0.0,0.0,0.0,0.0,0.0,52.0,0.0,0.0,0.0,0.0,0.0,0.0,0.0,0.0,0.0,0.0,0.0,0.0,0.0,0.0,0.0,0.0,0.0,0.0,0.0,0.0,0.0,0.0,0.0,0.0,0.0,0.0,0.0,0.0,0.0,0.0,0.0,0.0,0.0,0.0,0.0,0.0,0.0,0.0,0.0,0.0,52.0,0.0,0.0,0.0,0.0,0.0,0.0,0.0,0.0,0.0,0.0,0.0,0.0,9.0,0.0,0.0,0.0,0.0,0.0,0.0
SOLDIERS.CLARENCE,0.0,0.0,0.0,0.0,38.0,0.0,38.0,0.0,0.0,0.0,0.0,0.0,0.0,0.0,0.0,0.0,0.0,0.0,0.0,0.0,0.0,0.0,0.0,0.0,0.0,0.0,0.0,0.0,0.0,38.0,0.0,0.0,0.0,0.0,0.0,0.0,38.0,0.0,0.0,0.0,0.0,38.0,0.0,0.0,0.0,0.0,0.0,0.0,0.0,0.0,0.0,0.0,38.0,0.0,0.0,38.0,0.0,0.0,0.0,0.0,0.0,0.0,0.0,37.0,0.0,0.0
SOLDIERS.FRENCH,0.0,0.0,0.0,0.0,67.0,0.0,34.0,0.0,0.0,0.0,0.0,0.0,0.0,0.0,0.0,0.0,0.0,0.0,0.0,0.0,0.0,0.0,0.0,0.0,0.0,0.0,0.0,0.0,0.0,0.0,0.0,0.0,0.0,0.0,0.0,0.0,69.0,0.0,0.0,0.0,0.0,0.0,0.0,0.0,0.0,0.0,0.0,0.0,0.0,0.0,0.0,0.0,0.0,0.0,67.0,0.0,0.0,0.0,0.0,0.0,5.0,5.0,5.0,69.0,0.0,0.0
SOLDIERS.LANCASTER,0.0,0.0,0.0,0.0,16.0,355.0,159.0,0.0,143.0,0.0,0.0,0.0,0.0,143.0,0.0,0.0,0.0,0.0,0.0,0.0,0.0,0.0,0.0,0.0,0.0,0.0,0.0,0.0,2.0,0.0,0.0,143.0,0.0,143.0,303.0,0.0,82.0,0.0,242.0,0.0,242.0,159.0,0.0,52.0,0.0,0.0,0.0,0.0,0.0,0.0,0.0,0.0,35.0,0.0,82.0,0.0,0.0,0.0,0.0,8.0,0.0,0.0,0.0,143.0,143.0,303.0
SOLDIERS.MONTAGUE,0.0,0.0,0.0,0.0,0.0,0.0,3.0,0.0,0.0,0.0,0.0,0.0,0.0,0.0,0.0,0.0,0.0,0.0,0.0,0.0,0.0,0.0,0.0,0.0,0.0,0.0,0.0,0.0,0.0,3.0,0.0,3.0,0.0,0.0,0.0,0.0,3.0,0.0,0.0,0.0,0.0,3.0,0.0,0.0,0.0,0.0,0.0,0.0,0.0,0.0,0.0,0.0,3.0,0.0,0.0,3.0,0.0,0.0,0.0,0.0,0.0,0.0,0.0,3.0,0.0,0.0
SOLDIERS.MONTGOMERY,49.0,0.0,0.0,0.0,0.0,0.0,49.0,0.0,0.0,0.0,0.0,0.0,49.0,0.0,0.0,0.0,0.0,0.0,0.0,0.0,0.0,0.0,0.0,0.0,0.0,0.0,0.0,0.0,0.0,0.0,49.0,0.0,49.0,0.0,0.0,0.0,0.0,0.0,0.0,0.0,0.0,49.0,0.0,0.0,0.0,0.0,0.0,0.0,0.0,0.0,0.0,0.0,49.0,0.0,0.0,0.0,0.0,0.0,0.0,0.0,0.0,0.0,0.0,0.0,0.0,0.0
SOLDIERS.OXFORD,0.0,0.0,0.0,0.0,0.0,0.0,2.0,0.0,0.0,0.0,0.0,0.0,0.0,0.0,0.0,0.0,0.0,0.0,0.0,0.0,0.0,0.0,0.0,0.0,0.0,0.0,0.0,0.0,0.0,2.0,0.0,0.0,0.0,0.0,0.0,0.0,2.0,0.0,0.0,0.0,0.0,2.0,0.0,0.0,0.0,0.0,0.0,0.0,0.0,0.0,0.0,0.0,2.0,0.0,0.0,2.0,0.0,0.0,0.0,0.0,0.0,0.0,0.0,2.0,0.0,0.0
SOLDIERS.SOMERSET,0.0,0.0,0.0,0.0,0.0,0.0,4.0,0.0,0.0,0.0,0.0,0.0,0.0,0.0,0.0,0.0,0.0,0.0,0.0,0.0,0.0,0.0,0.0,0.0,0.0,0.0,0.0,0.0,0.0,4.0,0.0,0.0,0.0,0.0,0.0,0.0,4.0,0.0,0.0,0.0,0.0,4.0,0.0,0.0,0.0,0.0,0.0,0.0,0.0,0.0,0.0,0.0,4.0,0.0,4.0,4.0,0.0,0.0,0.0,0.0,0.0,0.0,0.0,4.0,0.0,0.0
SOLDIERS.WARWICK,0.0,0.0,0.0,0.0,0.0,0.0,115.0,0.0,0.0,0.0,0.0,0.0,0.0,0.0,0.0,0.0,0.0,0.0,0.0,0.0,0.0,0.0,0.0,0.0,0.0,0.0,5.0,0.0,0.0,0.0,0.0,115.0,0.0,0.0,0.0,0.0,0.0,0.0,0.0,0.0,0.0,115.0,0.0,0.0,0.0,0.0,0.0,0.0,0.0,0.0,0.0,0.0,115.0,0.0,0.0,0.0,0.0,0.0,0.0,0.0,0.0,0.0,0.0,115.0,0.0,0.0
SOLDIERS.YORK,67.0,0.0,0.0,0.0,344.0,201.0,810.0,0.0,47.0,0.0,0.0,0.0,119.0,147.0,0.0,0.0,18.0,0.0,0.0,0.0,0.0,0.0,0.0,0.0,0.0,25.0,5.0,0.0,0.0,99.0,67.0,375.0,49.0,175.0,119.0,0.0,74.0,0.0,189.0,0.0,200.0,789.0,0.0,0.0,38.0,0.0,35.0,3.0,49.0,2.0,4.0,115.0,0.0,73.0,28.0,99.0,0.0,0.0,31.0,0.0,0.0,0.0,0.0,470.0,19.0,75.0
SOLDIERS.YORK.0.2,0.0,47.0,0.0,0.0,128.0,0.0,128.0,47.0,0.0,0.0,0.0,0.0,47.0,94.0,0.0,0.0,0.0,0.0,0.0,0.0,6.0,0.0,0.0,0.0,0.0,0.0,0.0,0.0,0.0,0.0,0.0,0.0,0.0,0.0,0.0,47.0,0.0,0.0,73.0,47.0,73.0,180.0,0.0,0.0,0.0,0.0,0.0,0.0,0.0,0.0,0.0,0.0,73.0,0.0,0.0,0.0,0.0,0.0,0.0,0.0,0.0,0.0,0.0,0.0,0.0,0.0
Somerset,0.0,119.0,0.0,0.0,308.0,0.0,181.0,0.0,0.0,0.0,0.0,0.0,119.0,90.0,105.0,0.0,0.0,0.0,0.0,0.0,90.0,0.0,0.0,55.0,0.0,0.0,0.0,0.0,2.0,4.0,0.0,217.0,0.0,0.0,0.0,0.0,289.0,119.0,82.0,119.0,90.0,155.0,0.0,0.0,0.0,67.0,82.0,0.0,0.0,0.0,4.0,0.0,28.0,0.0,0.0,4.0,0.0,119.0,0.0,0.0,5.0,5.0,5.0,184.0,0.0,0.0
Somerville,0.0,0.0,0.0,0.0,38.0,0.0,99.0,0.0,0.0,0.0,0.0,0.0,0.0,0.0,0.0,0.0,0.0,0.0,0.0,0.0,0.0,0.0,0.0,0.0,0.0,0.0,0.0,0.0,0.0,108.0,0.0,3.0,0.0,0.0,0.0,0.0,50.0,0.0,0.0,0.0,0.0,99.0,0.0,0.0,38.0,0.0,0.0,3.0,0.0,2.0,4.0,0.0,99.0,0.0,4.0,0.0,0.0,0.0,0.0,0.0,0.0,0.0,0.0,107.0,0.0,0.0
Son,0.0,0.0,0.0,0.0,0.0,0.0,0.0,0.0,0.0,35.0,0.0,0.0,0.0,59.0,0.0,0.0,0.0,0.0,0.0,0.0,0.0,0.0,0.0,0.0,0.0,0.0,0.0,0.0,0.0,0.0,0.0,0.0,0.0,0.0,0.0,0.0,0.0,0.0,0.0,0.0,0.0,0.0,0.0,0.0,0.0,0.0,0.0,0.0,0.0,0.0,0.0,0.0,0.0,0.0,0.0,0.0,0.0,0.0,0.0,0.0,0.0,0.0,0.0,0.0,0.0,0.0
Stafford,0.0,128.0,0.0,0.0,119.0,0.0,128.0,0.0,0.0,0.0,0.0,0.0,128.0,0.0,0.0,0.0,0.0,0.0,0.0,0.0,0.0,0.0,0.0,52.0,0.0,0.0,0.0,0.0,0.0,0.0,0.0,128.0,0.0,0.0,0.0,0.0,0.0,128.0,0.0,128.0,0.0,128.0,0.0,0.0,0.0,0.0,0.0,0.0,0.0,0.0,0.0,0.0,0.0,0.0,119.0,0.0,0.0,0.0,0.0,0.0,0.0,0.0,0.0,0.0,0.0,0.0
Stanley,0.0,0.0,0.0,0.0,0.0,0.0,18.0,0.0,0.0,0.0,0.0,0.0,31.0,0.0,0.0,0.0,18.0,0.0,0.0,0.0,0.0,0.0,0.0,0.0,0.0,0.0,0.0,0.0,0.0,0.0,0.0,0.0,0.0,0.0,0.0,0.0,0.0,0.0,0.0,0.0,0.0,31.0,0.0,0.0,0.0,0.0,0.0,0.0,0.0,0.0,0.0,0.0,31.0,0.0,0.0,0.0,0.0,0.0,0.0,0.0,0.0,0.0,0.0,0.0,0.0,0.0
Tutor,0.0,0.0,0.0,0.0,0.0,8.0,0.0,0.0,0.0,0.0,0.0,0.0,0.0,0.0,0.0,0.0,0.0,0.0,0.0,0.0,0.0,0.0,0.0,0.0,0.0,0.0,0.0,0.0,0.0,0.0,0.0,0.0,0.0,0.0,0.0,0.0,0.0,0.0,0.0,0.0,0.0,0.0,0.0,9.0,0.0,0.0,8.0,0.0,0.0,0.0,0.0,0.0,0.0,0.0,0.0,0.0,0.0,0.0,0.0,0.0,0.0,0.0,0.0,0.0,0.0,0.0
WATCHMEN.1,0.0,0.0,0.0,0.0,5.0,0.0,0.0,0.0,0.0,0.0,0.0,0.0,0.0,0.0,0.0,0.0,0.0,0.0,0.0,0.0,0.0,0.0,0.0,0.0,0.0,0.0,0.0,0.0,0.0,0.0,0.0,0.0,0.0,0.0,0.0,0.0,5.0,0.0,0.0,0.0,0.0,0.0,0.0,0.0,0.0,5.0,0.0,0.0,0.0,0.0,0.0,0.0,0.0,0.0,5.0,0.0,0.0,0.0,0.0,0.0,0.0,27.0,27.0,5.0,0.0,0.0
WATCHMEN.2,0.0,0.0,0.0,0.0,5.0,0.0,0.0,0.0,0.0,0.0,0.0,0.0,0.0,0.0,0.0,0.0,0.0,0.0,0.0,0.0,0.0,0.0,0.0,0.0,0.0,0.0,0.0,0.0,0.0,0.0,0.0,0.0,0.0,0.0,0.0,0.0,5.0,0.0,0.0,0.0,0.0,0.0,0.0,0.0,0.0,5.0,0.0,0.0,0.0,0.0,0.0,0.0,0.0,0.0,5.0,0.0,0.0,0.0,0.0,0.0,27.0,0.0,27.0,5.0,0.0,0.0
WATCHMEN.3,0.0,0.0,0.0,0.0,5.0,0.0,0.0,0.0,0.0,0.0,0.0,0.0,0.0,0.0,0.0,0.0,0.0,0.0,0.0,0.0,0.0,0.0,0.0,0.0,0.0,0.0,0.0,0.0,0.0,0.0,0.0,0.0,0.0,0.0,0.0,0.0,5.0,0.0,0.0,0.0,0.0,0.0,0.0,0.0,0.0,5.0,0.0,0.0,0.0,0.0,0.0,0.0,0.0,0.0,5.0,0.0,0.0,0.0,0.0,0.0,27.0,27.0,0.0,5.0,0.0,0.0
Warwick,0.0,0.0,0.0,221.0,462.0,325.0,698.0,0.0,197.0,0.0,0.0,0.0,0.0,387.0,90.0,0.0,0.0,0.0,221.0,221.0,90.0,3.0,6.0,85.0,0.0,0.0,5.0,0.0,0.0,113.0,0.0,636.0,0.0,314.0,243.0,0.0,489.0,0.0,321.0,0.0,321.0,654.0,0.0,0.0,37.0,69.0,143.0,3.0,0.0,2.0,4.0,115.0,470.0,0.0,184.0,107.0,0.0,0.0,0.0,0.0,5.0,5.0,5.0,0.0,143.0,214.0
Westmorland,0.0,0.0,0.0,0.0,0.0,143.0,143.0,0.0,143.0,0.0,0.0,0.0,0.0,143.0,0.0,0.0,0.0,0.0,0.0,0.0,0.0,0.0,0.0,0.0,0.0,0.0,0.0,0.0,0.0,0.0,0.0,143.0,0.0,143.0,143.0,0.0,0.0,0.0,0.0,0.0,0.0,143.0,0.0,0.0,0.0,0.0,143.0,0.0,0.0,0.0,0.0,0.0,19.0,0.0,0.0,0.0,0.0,0.0,0.0,0.0,0.0,0.0,0.0,143.0,0.0,143.0
York,0.0,0.0,0.0,0.0,0.0,303.0,287.0,0.0,165.0,0.0,0.0,0.0,0.0,165.0,0.0,14.0,0.0,14.0,0.0,0.0,0.0,0.0,0.0,0.0,5.0,0.0,0.0,0.0,0.0,0.0,0.0,273.0,0.0,214.0,303.0,0.0,0.0,0.0,160.0,0.0,160.0,287.0,0.0,0.0,0.0,0.0,303.0,0.0,0.0,0.0,0.0,0.0,75.0,0.0,0.0,0.0,0.0,0.0,0.0,0.0,0.0,0.0,0.0,214.0,143.0,0.0
